[
    {
        "chapterName": "अर्जुनविषादयोग",
        "chapterNumber": 1,
        "name": "श्लोक 1.1",
        "passage": "धृतराष्ट्र उवाच । धर्मक्षेत्रे कुरुक्षेत्रे समवेता युयुत्सवः । मामकाः पाण्डवाश्चैव किमकुर्वत सञ्जय ।।",
        "translation": "धृतराष्ट्र ने कहा: हे संजय! धर्मक्षेत्र कुरुक्षेत्र में एकत्र हुए युद्ध के इच्छुक मेरे और पांडु के पुत्रों ने क्या किया?",
        "explanation": "इस श्लोक में, महाभारत के युद्ध की पृष्ठभूमि स्थापित की गई है। धृतराष्ट्र, जो कौरवों के पिता हैं, अपने सारथी संजय से पूछते हैं कि कुरुक्षेत्र के मैदान पर क्या हो रहा है। यह प्रश्न गहरे अर्थ से भरा है, क्योंकि यह न केवल युद्ध की तैयारियों के बारे में है, बल्कि इसमें नैतिक और धार्मिक चिंताएँ भी निहित हैं।"
    },
    {
        "chapterName": "अर्जुनविषादयोग",
        "chapterNumber": 1,
        "name": "श्लोक 1.2",
        "passage": "सञ्जय उवाच । दृष्ट्वा तु पाण्डवानीकं व्यूढं दुर्योधनस्तदा । आचार्यमुपसङ्गम्य राजा वचनमब्रवीत् ॥",
        "translation": "संजय ने कहा: उस समय राजा दुर्योधन ने सेना की व्यवस्था को देखकर द्रोणाचार्य के पास जाकर यह वचन कहा।",
        "explanation": "संजय धृतराष्ट्र को बताना शुरू करते हैं कि युद्ध के मैदान पर क्या हो रहा था। वे दुर्योधन के कार्यों का वर्णन करते हैं, जो अपने गुरु द्रोणाचार्य से बात करने जाता है। यह श्लोक युद्ध की तैयारियों और रणनीतिक चर्चाओं की शुरुआत का संकेत देता है।"
    },
    {
        "chapterName": "अर्जुनविषादयोग",
        "chapterNumber": 1,
        "name": "श्लोक 1.3",
        "passage": "पश्यैतां पाण्डुपुत्राणामाचार्य महतीं चमूम् । व्यूढां द्रुपदपुत्रेण तव शिष्येण धीमता ॥",
        "translation": "हे आचार्य! आपके बुद्धिमान शिष्य द्रुपद-पुत्र द्रौपदी के पुत्रों द्वारा व्यूहबद्ध इस विशाल पांडव सेना को देखिए।",
        "explanation": "दुर्योधन द्रोणाचार्य का ध्यान पांडवों की सेना की ओर आकर्षित करता है। वह विशेष रूप से द्रुपद के पुत्र धृष्टद्युम्न का उल्लेख करता है, जो द्रोणाचार्य का शिष्य था। यह श्लोक युद्ध की जटिलताओं और परिवार के सदस्यों और गुरु-शिष्य के बीच के संबंधों के टकराव को दर्शाता है।"
    },
    {
        "chapterName": "अर्जुनविषादयोग",
        "chapterNumber": 1,
        "name": "श्लोक 1.4",
        "passage": "अत्र शूरा महेष्वासा भीमार्जुनसमा युधि । युयुधानो विराटश्च द्रुपदश्च महारथः ॥",
        "translation": "इस सेना में महान धनुर्धर भीम और अर्जुन के समान युद्ध करने वाले वीर योद्धा युयुधान, विराट तथा महारथी द्रुपद हैं।",
        "explanation": "दुर्योधन पांडव सेना के प्रमुख योद्धाओं का वर्णन करता है। वह भीम और अर्जुन की तुलना में अन्य वीर योद्धाओं का उल्लेख करता है, जो उनके समान शक्तिशाली हैं। यह श्लोक पांडव सेना की शक्ति और विविधता को प्रदर्शित करता है।"
    },
    {
        "chapterName": "अर्जुनविषादयोग",
        "chapterNumber": 1,
        "name": "श्लोक 1.5",
        "passage": "धृष्टकेतुश्चेकितानः काशिराजश्च वीर्यवान् । पुरुजित्कुन्तिभोजश्च शैब्यश्च नरपुङ्गवः ॥",
        "translation": "धृष्टकेतु, चेकितान, काशिराज, शक्तिशाली पुरुजित, कुंतिभोज और मनुष्यों में श्रेष्ठ शैब्य भी हैं।",
        "explanation": "दुर्योधन पांडव सेना के अन्य प्रमुख योद्धाओं का वर्णन जारी रखता है। वह विभिन्न राजाओं और योद्धाओं का नाम लेता है, जो अपनी वीरता और शक्ति के लिए जाने जाते हैं। यह श्लोक पांडवों के पक्ष में खड़े विभिन्न राज्यों और उनके नेताओं की एकता को दर्शाता है।"
    },
    {
        "chapterName": "अर्जुनविषादयोग",
        "chapterNumber": 1,
        "name": "श्लोक 1.6",
        "passage": "युधामन्युश्च विक्रान्त उत्तमौजाश्च वीर्यवान् । सौभद्रो द्रौपदेयाश्च सर्व एव महारथाः ॥",
        "translation": "बलवान युधामन्यु, पराक्रमी उत्तमौजा, सुभद्रा-पुत्र अभिमन्यु तथा द्रौपदी के पाँचों पुत्र - ये सभी महारथी हैं।",
        "explanation": "दुर्योधन पांडव सेना के और अधिक प्रमुख योद्धाओं का वर्णन करता है। वह युधामन्यु, उत्तमौजा, अर्जुन के पुत्र अभिमन्यु, और द्रौपदी के पाँचों पुत्रों का उल्लेख करता है। यह श्लोक पांडव पक्ष की युवा पीढ़ी की शक्ति और महत्व को दर्शाता है।"
    },
    {
        "chapterName": "अर्जुनविषादयोग",
        "chapterNumber": 1,
        "name": "श्लोक 1.7",
        "passage": "अस्माकं तु विशिष्टा ये तान्निबोध द्विजोत्तम । नायका मम सैन्यस्य संज्ञार्थं तान्ब्रवीमि ते ॥",
        "translation": "हे द्विजोत्तम! हमारी सेना के जो प्रधान योद्धा हैं, उन्हें भी आप जान लीजिए। आपकी जानकारी के लिए मैं उनके नाम बताता हूँ।",
        "explanation": "अब दुर्योधन द्रोणाचार्य का ध्यान अपनी सेना की ओर आकर्षित करता है। वह अपने पक्ष के प्रमुख योद्धाओं के बारे में बताने की तैयारी करता है। यह श्लोक दोनों पक्षों की सेनाओं के बीच तुलना की शुरुआत का संकेत देता है।"
    },
    {
        "chapterName": "अर्जुनविषादयोग",
        "chapterNumber": 1,
        "name": "श्लोक 1.8",
        "passage": "भवान्भीष्मश्च कर्णश्च कृपश्च समितिञ्जयः । अश्वत्थामा विकर्णश्च सौमदत्तिस्तथैव च ॥",
        "translation": "स्वयं आप, भीष्म, कर्ण और विजयी कृपाचार्य, अश्वत्थामा, विकर्ण तथा सोमदत्त का पुत्र भूरिश्रवा।",
        "explanation": "दुर्योधन अपनी सेना के प्रमुख योद्धाओं का वर्णन करता है। वह द्रोणाचार्य, भीष्म, कर्ण, कृपाचार्य, अश्वत्थामा, विकर्ण और भूरिश्रवा का उल्लेख करता है। यह श्लोक कौरव पक्ष की सैन्य शक्ति और अनुभवी योद्धाओं को प्रदर्शित करता है।"
    },
    {
        "chapterName": "अर्जुनविषादयोग",
        "chapterNumber": 1,
        "name": "श्लोक 1.9",
        "passage": "अन्ये च बहवः शूरा मदर्थे त्यक्तजीविताः । नानाशस्त्रप्रहरणाः सर्वे युद्धविशारदाः ॥",
        "translation": "और भी अनेक शूरवीर हैं जो मेरे लिए अपने प्राणों की बाजी लगाने को तैयार हैं। वे सब विविध प्रकार के शस्त्रों से सुसज्जित और युद्ध में निपुण हैं।",
        "explanation": "दुर्योधन अपनी सेना के अन्य वीर योद्धाओं का उल्लेख करता है। वह बताता है कि ये सभी योद्धा उसके लिए अपने प्राण न्योछावर करने को तैयार हैं और विभिन्न हथियारों में माहिर हैं। यह श्लोक कौरव सेना की विशालता और समर्पण को दर्शाता है।"
    },
    {
        "chapterName": "अर्जुनविषादयोग",
        "chapterNumber": 1,
        "name": "श्लोक 1.10",
        "passage": "अपर्याप्तं तदस्माकं बलं भीष्माभिरक्षितम् । पर्याप्तं त्विदमेतेषां बलं भीमाभिरक्षितम् ॥",
        "translation": "भीष्म पितामह द्वारा रक्षित हमारी यह सेना सब प्रकार से अजेय है, जबकि भीम द्वारा रक्षित उनकी सेना को जीतना सरल है।",
        "explanation": "दुर्योधन अपनी सेना की शक्ति का बखान करता है। वह कहता है कि भीष्म पितामह के नेतृत्व में उनकी सेना अजेय है, जबकि पांडवों की सेना, जो भीम द्वारा संरक्षित है, तुलनात्मक रूप से कमजोर है। यह श्लोक दुर्योधन के आत्मविश्वास और अहंकार को दर्शाता है।"
    },
    {
        "chapterName": "अर्जुनविषादयोग",
        "chapterNumber": 1,
        "name": "श्लोक 1.11",
        "passage": "अयनेषु च सर्वेषु यथाभागमवस्थिताः । भीष्ममेवाभिरक्षन्तु भवन्तः सर्व एव हि ॥",
        "translation": "अतः आप सब लोग अपनी-अपनी नियत स्थितियों पर रहते हुए सब ओर से भीष्म पितामह की ही रक्षा करें।",
        "explanation": "दुर्योधन अपने सेनापतियों को निर्देश देता है कि वे अपने-अपने निर्धारित स्थानों पर रहते हुए भीष्म पितामह की सुरक्षा करें। यह श्लोक भीष्म के महत्व और उनकी सुरक्षा की आवश्यकता को दर्शाता है, जो कौरव सेना के मुख्य आधार हैं।"
    },
    {
        "chapterName": "अर्जुनविषादयोग",
        "chapterNumber": 1,
        "name": "श्लोक 1.12",
        "passage": "तस्य सञ्जनयन्हर्षं कुरुवृद्धः पितामहः । सिंहनादं विनद्योच्चैः शङ्खं दध्मौ प्रतापवान् ॥",
        "translation": "उस समय कौरवों के वृद्ध पितामह, तेजस्वी भीष्म ने सिंह की दहाड़ के समान उच्च स्वर से गरजते हुए शंखनाद किया।",
        "explanation": "भीष्म पितामह अपनी शक्ति और वीरता का प्रदर्शन करते हुए शंखनाद करते हैं। यह श्लोक युद्ध की शुरुआत का संकेत देता है और भीष्म के नेतृत्व में कौरव सेना के आत्मविश्वास को दर्शाता है।"
    },
    {
        "chapterName": "अर्जुनविषादयोग",
        "chapterNumber": 1,
        "name": "श्लोक 1.13",
        "passage": "ततः शङ्खाश्च भेर्यश्च पणवानकगोमुखाः । सहसैवाभ्यहन्यन्त स शब्दस्तुमुलोऽभवत् ॥",
        "translation": "तत्पश्चात् शंख, नगाड़े, ढोल, मृदंग तथा नरसिंघे एक साथ बज उठे। उनकी ध्वनि बड़ी भयंकर थी।",
        "explanation": "इस श्लोक में युद्ध की शुरुआत का वर्णन किया गया है। विभिन्न वाद्ययंत्रों की ध्वनि युद्ध के उत्साह और भय को दर्शाती है। यह श्लोक युद्ध की भयावहता और उसके प्रभाव को प्रदर्शित करता है।"
    },
    {
        "chapterName": "अर्जुनविषादयोग",
        "chapterNumber": 1,
        "name": "श्लोक 1.14",
        "passage": "ततः श्वेतैर्हयैर्युक्ते महति स्यन्दने स्थितौ । माधवः पाण्डवश्चैव दिव्यौ शङ्खौ प्रदध्मतुः ॥",
        "translation": "तदनन्तर श्वेत घोड़ों से युक्त विशाल रथ पर आरूढ़ श्रीकृष्ण और अर्जुन ने अपने दिव्य शंख बजाए।",
        "explanation": "इस श्लोक में कृष्ण और अर्जुन के शंखनाद का वर्णन है। यह श्लोक पांडव पक्ष की ओर से युद्ध की घोषणा को दर्शाता है और कृष्ण-अर्जुन की जोड़ी की महानता को प्रकट करता है।"
    },
    {
        "chapterName": "अर्जुनविषादयोग",
        "chapterNumber": 1,
        "name": "श्लोक 1.15",
        "passage": "पाञ्चजन्यं हृषीकेशो देवदत्तं धनंजयः । पौण्ड्रं दध्मौ महाशङ्खं भीमकर्मा वृकोदरः ॥",
        "translation": "श्रीकृष्ण ने पांचजन्य, अर्जुन ने देवदत्त तथा भयंकर कर्म करने वाले भीम ने पौंड्र नामक महाशंख बजाया।",
        "explanation": "यह श्लोक कृष्ण, अर्जुन और भीम के विशिष्ट शंखों का वर्णन करता है। प्रत्येक शंख का अपना नाम और महत्व है, जो इन योद्धाओं की विशिष्टता और शक्ति को दर्शाता है।"
    },
    {
        "chapterName": "अर्जुनविषादयोग",
        "chapterNumber": 1,
        "name": "श्लोक 1.16",
        "passage": "अनन्तविजयं राजा कुन्तीपुत्रो युधिष्ठिरः । नकुलः सहदेवश्च सुघोषमणिपुष्पकौ ॥",
        "translation": "राजा युधिष्ठिर, कुंती पुत्र, ने अनंतविजय शंख बजाया, नकुल और सहदेव ने क्रमशः सुघोष और मणिपुष्पक शंख बजाए।",
        "explanation": "इस श्लोक में अन्य पांडव भाइयों - युधिष्ठिर, नकुल और सहदेव - के शंखनाद का वर्णन है। प्रत्येक शंख का विशिष्ट नाम उनके स्वामी के चरित्र और शक्ति को प्रतिबिंबित करता है।"
    },
    {
        "chapterName": "अर्जुनविषादयोग",
        "chapterNumber": 1,
        "name": "श्लोक 1.17",
        "passage": "काश्यश्च परमेष्वासः शिखण्डी च महारथः । धृष्टद्युम्नो विराटश्च सात्यकिश्चापराजितः ॥",
        "translation": "हे राजन्! काशीराज, महान धनुर्धर शिखंडी, धृष्टद्युम्न, विराट तथा अजेय सात्यकि ने भी अपने-अपने शंख बजाए।",
        "explanation": "यह श्लोक पांडव पक्ष के अन्य प्रमुख योद्धाओं के शंखनाद का वर्णन करता है। इससे पांडव सेना की विशालता और विविधता का पता चलता है, जो युद्ध की तैयारी में एकजुट हैं।"
    },
    {
        "chapterName": "अर्जुनविषादयोग",
        "chapterNumber": 1,
        "name": "श्लोक 1.18",
        "passage": "द्रुपदो द्रौपदेयाश्च सर्वशः पृथिवीपते । सौभद्रश्च महाबाहुः शङ्खान्दध्मुः पृथक्पृथक् ॥",
        "translation": "हे नरश्रेष्ठ! द्रुपद, द्रौपदी के पाँचों पुत्र तथा महाबाहु सुभद्रापुत्र अभिमन्यु, इन सबने अपने-अपने शंख बजाए।",
        "explanation": "इस श्लोक में पांडव पक्ष के और अधिक योद्धाओं का उल्लेख है, जिसमें द्रौपदी के पुत्र और अभिमन्यु शामिल हैं। यह श्लोक पांडव सेना की युवा पीढ़ी और उनके उत्साह को दर्शाता है।"
    },
    {
        "chapterName": "अर्जुनविषादयोग",
        "chapterNumber": 1,
        "name": "श्लोक 1.19",
        "passage": "स घोषो धार्तराष्ट्राणां हृदयानि व्यदारयत् । नभश्च पृथिवीं चैव तुमुलो व्यनुनादयन् ॥",
        "translation": "उन सब शंखों की भयंकर ध्वनि आकाश और पृथ्वी पर गूँज उठी और उसने आपके पुत्रों के हृदय विदीर्ण कर दिए।",
        "explanation": "यह श्लोक युद्ध की शुरुआत में हुए शंखनाद के प्रभाव का वर्णन करता है। इससे युद्ध की भयावहता और कौरवों पर पड़ने वाले मनोवैज्ञानिक प्रभाव का पता चलता है।"
    },
    {
        "chapterName": "अर्जुनविषादयोग",
        "chapterNumber": 1,
        "name": "श्लोक 1.20",
        "passage": "अथ व्यवस्थितान्दृष्ट्वा धार्तराष्ट्रान् कपिध्वजः । प्रवृत्ते शस्त्रसम्पाते धनुरुद्यम्य पाण्डवः ॥",
        "translation": "हे राजन्! तब कुरुवंशियों की ध्वजा पर बंदर का चिह्न अंकित देख कर पाण्डुपुत्र अर्जुन ने, शस्त्र उठाने की तैयारी में, धनुष उठाया।",
        "explanation": "इस श्लोक में अर्जुन की युद्ध के लिए तैयारी का वर्णन है। कौरवों की सेना को देखकर अर्जुन अपना धनुष उठाता है, जो युद्ध की अनिवार्यता को दर्शाता है।"
    },
    {
        "chapterName": "अर्जुनविषादयोग",
        "chapterNumber": 1,
        "name": "श्लोक 1.21",
        "passage": "हृषीकेशं तदा वाक्यमिदमाह महीपते । अर्जुन उवाच । सेनयोरुभयोर्मध्ये रथं स्थापय मेऽच्युत ॥",
        "translation": "हे धृतराष्ट्र! उस समय अर्जुन ने हृषीकेश श्रीकृष्ण से इस प्रकार कहा - हे अच्युत! कृपया मेरा रथ दोनों सेनाओं के मध्य में खड़ा कर दीजिए।",
        "explanation": "इस श्लोक में अर्जुन श्रीकृष्ण से अनुरोध करता है कि वे उसका रथ दोनों सेनाओं के बीच ले जाएँ। यह अर्जुन की युद्ध से पहले दोनों पक्षों को देखने की इच्छा को दर्शाता है।"
    },
    {
        "chapterName": "अर्जुनविषादयोग",
        "chapterNumber": 1,
        "name": "श्लोक 1.22",
        "passage": "यावदेतान्निरीक्षेऽहं योद्धुकामानवस्थितान् । कैर्मया सह योद्धव्यमस्मिन् रणसमुद्यमे ॥",
        "translation": "जिससे मैं युद्ध की इच्छा से खड़े हुए उन लोगों को देख सकूँ और जान सकूँ कि मुझे किन-किन के साथ युद्ध करना है।",
        "explanation": "यह श्लोक अर्जुन की मनःस्थिति को दर्शाता है। वह अपने विरोधियों को देखना चाहता है और यह समझना चाहता है कि वास्तव में किसके साथ उसे लड़ना है। यह उसकी सतर्कता और विवेक को प्रदर्शित करता है।"
    },
    {
        "chapterName": "अर्जुनविषादयोग",
        "chapterNumber": 1,
        "name": "श्लोक 1.23",
        "passage": "योत्स्यमानानवेक्षेऽहं य एतेऽत्र समागताः । धार्तराष्ट्रस्य दुर्बुद्धेर्युद्धे प्रियचिकीर्षवः ॥",
        "translation": "इस दुर्योधन के पक्ष में जो युद्ध करने की इच्छा से यहाँ एकत्र हुए हैं, उन्हें मैं देखना चाहता हूँ।",
        "explanation": "इस श्लोक में अर्जुन अपनी इच्छा व्यक्त करता है कि वह दुर्योधन के समर्थकों को देखना चाहता है। यह उसकी रणनीतिक सोच और युद्ध की गंभीरता के प्रति जागरूकता को दर्शाता है।"
    },
    {
        "chapterName": "अर्जुनविषादयोग",
        "chapterNumber": 1,
        "name": "श्लोक 1.24",
        "passage": "सञ्जय उवाच । एवमुक्तो हृषीकेशो गुडाकेशेन भारत । सेनयोरुभयोर्मध्ये स्थापयित्वा रथोत्तमम् ॥",
        "translation": "संजय ने कहा - हे भारत! अर्जुन द्वारा इस प्रकार कहे जाने पर श्रीकृष्ण ने दोनों सेनाओं के मध्य में उत्तम रथ को खड़ा कर दिया।",
        "explanation": "यह श्लोक बताता है कि कृष्ण ने अर्जुन के अनुरोध को स्वीकार किया और रथ को दोनों सेनाओं के बीच में ले गए। यह कृष्ण की अर्जुन के प्रति मित्रता और समझ को दर्शाता है।"
    },
    {
        "chapterName": "अर्जुनविषादयोग",
        "chapterNumber": 1,
        "name": "श्लोक 1.25",
        "passage": "भीष्मद्रोणप्रमुखतः सर्वेषां च महीक्षिताम् । उवाच पार्थ पश्यैतान्समवेतान्कुरूनिति ॥",
        "translation": "भीष्म, द्रोण और अन्य सभी राजाओं के सामने श्रीकृष्ण ने कहा - हे पार्थ! इन एकत्र हुए कौरवों को देखो।",
        "explanation": "इस श्लोक में कृष्ण अर्जुन का ध्यान युद्धभूमि में एकत्र हुए कौरवों की ओर आकर्षित करते हैं। यह युद्ध की वास्तविकता का सामना करने के लिए अर्जुन को तैयार करने का प्रयास है।"
    },
    {
        "chapterName": "अर्जुनविषादयोग",
        "chapterNumber": 1,
        "name": "श्लोक 1.26",
        "passage": "तत्रापश्यत्स्थितान्पार्थः पितॄनथ पितामहान् । आचार्यान्मातुलान्भ्रातॄन्पुत्रान्पौत्रान्सखींस्तथा ॥",
        "translation": "तब अर्जुन ने दोनों सेनाओं के मध्य में खड़े अपने पिता के समान चाचाओं, पितामहों, आचार्यों, मामाओं, भाइयों, पुत्रों, पौत्रों तथा मित्रों को देखा।",
        "explanation": "यह श्लोक अर्जुन द्वारा देखे गए दृश्य का वर्णन करता है। वह अपने रिश्तेदारों और गुरुओं को विरोधी पक्ष में देखता है, जो उसके मन में द्वंद्व पैदा करता है।"
    },
    {
        "chapterName": "अर्जुनविषादयोग",
        "chapterNumber": 1,
        "name": "श्लोक 1.27",
        "passage": "श्वशुरान्सुहृदश्चैव सेनयोरुभयोरपि । तान्समीक्ष्य स कौन्तेयः सर्वान्बन्धूनवस्थितान् ॥",
        "translation": "श्वशुरों, सखाओं तथा सभी बन्धु-बान्धवों को दोनों सेनाओं में देखकर कुन्तीपुत्र अर्जुन करुणा से अभिभूत हो गये और विषाद करते हुए इस प्रकार बोले।",
        "explanation": "इस श्लोक में अर्जुन की भावनात्मक स्थिति का वर्णन है। अपने प्रियजनों को युद्धभूमि में देखकर वह करुणा और विषाद से भर जाता है, जो उसके संवेदनशील स्वभाव को दर्शाता है।"
    },
    {
        "chapterName": "अर्जुनविषादयोग",
        "chapterNumber": 1,
        "name": "श्लोक 1.28",
        "passage": "अर्जुन उवाच । दृष्ट्वेमं स्वजनं कृष्ण युयुत्सुं समुपस्थितम् । सीदन्ति मम गात्राणि मुखं च परिशुष्यति ॥",
        "translation": "अर्जुन ने कहा - हे कृष्ण! युद्ध करने की इच्छा से उपस्थित अपने इन बान्धवों को देखकर मेरे अंग शिथिल हुए जा रहे हैं और मुख सूख रहा है।",
        "explanation": "यह श्लोक अर्जुन के मानसिक और शारीरिक संकट को व्यक्त करता है। अपने प्रियजनों के साथ युद्ध करने की कल्पना से वह व्याकुल हो जाता है, जो उसकी नैतिक दुविधा को दर्शाता है।"
    },
    {
        "chapterName": "अर्जुनविषादयोग",
        "chapterNumber": 1,
        "name": "श्लोक 1.29",
        "passage": "वेपथुश्च शरीरे मे रोमहर्षश्च जायते । गाण्डीवं स्रंसते हस्तात्त्वक्चैव परिदह्यते ॥",
        "translation": "मेरा शरीर काँप रहा है, रोंगटे खड़े हो रहे हैं, गाण्डीव धनुष हाथ से छूटा जा रहा है और त्वचा जल रही है।",
        "explanation": "इस श्लोक में अर्जुन अपनी शारीरिक प्रतिक्रियाओं का वर्णन करता है। यह उसके गहरे मानसिक संकट और भावनात्मक उथल-पुथल को दर्शाता है, जो युद्ध की भयावहता के सामने उत्पन्न होती है।"
    },
    {
        "chapterName": "अर्जुनविषादयोग",
        "chapterNumber": 1,
        "name": "श्लोक 1.30",
        "passage": "न च शक्नोम्यवस्थातुं भ्रमतीव च मे मनः । निमित्तानि च पश्यामि विपरीतानि केशव ॥",
        "translation": "हे केशव! मैं खड़ा रहने में भी असमर्थ हो रहा हूँ, मेरा मन भ्रमित हो रहा है और मैं अपशकुन देख रहा हूँ।",
        "explanation": "यह श्लोक अर्जुन की बढ़ती हुई व्याकुलता को दर्शाता है। वह न केवल शारीरिक रूप से कमजोर महसूस कर रहा है, बल्कि मानसिक रूप से भी भ्रमित है और भविष्य के बारे में निराशावादी दृष्टिकोण रखता है।"
    },
    {
        "chapterName": "अर्जुनविषादयोग",
        "chapterNumber": 1,
        "name": "श्लोक 1.31",
        "passage": "न च श्रेयोऽनुपश्यामि हत्वा स्वजनमाहवे । न काङ्क्षे विजयं कृष्ण न च राज्यं सुखानि च ॥",
        "translation": "हे कृष्ण! मैं युद्ध में अपने स्वजनों को मारकर कोई कल्याण नहीं देखता। न मैं विजय चाहता हूँ, न राज्य और न सुख।",
        "explanation": "इस श्लोक में अर्जुन अपने आंतरिक संघर्ष को व्यक्त करता है। वह महसूस करता है कि अपने परिवार के सदस्यों को मारकर कोई लाभ नहीं होगा, और इसलिए वह विजय, राज्य या सुख की इच्छा नहीं रखता।"
    },
    {
        "chapterName": "अर्जुनविषादयोग",
        "chapterNumber": 1,
        "name": "श्लोक 1.32",
        "passage": "किं नो राज्येन गोविन्द किं भोगैर्जीवितेन वा । येषामर्थे काङ्क्षितं नो राज्यं भोगाः सुखानि च ॥",
        "translation": "हे गोविन्द! हमें राज्य, भोग और सुख की आवश्यकता नहीं है। जिनके लिए हम राज्य, भोग और सुख चाहते हैं, वे ही यहाँ प्राण और धन त्यागकर युद्ध के लिए खड़े हैं।",
        "explanation": "इन श्लोकों में अर्जुन राज्य और भौतिक सुखों के महत्व पर सवाल उठाता है। वह महसूस करता है कि जिन लोगों के लिए वे युद्ध कर रहे हैं, वे ही युद्ध में अपने प्राण देने को तैयार हैं। यह उसके मूल्यों और प्राथमिकताओं में आए बदलाव को दर्शाता है।"
    },
    {
        "chapterName": "अर्जुनविषादयोग",
        "chapterNumber": 1,
        "name": "श्लोक 1.34",
        "passage": "आचार्याः पितरः पुत्रास्तथैव च पितामहाः । मातुलाः श्वशुराः पौत्राः श्यालाः सम्बन्धिनस्तथा ॥",
        "translation": "ये गुरुजन, पिता, पुत्र, पितामह, मामा, श्वसुर, पौत्र, साले तथा अन्य सम्बन्धी हैं।",
        "explanation": "इस श्लोक में अर्जुन युद्धभूमि में उपस्थित विभिन्न रिश्तेदारों का उल्लेख करता है। यह उसके सामने खड़ी नैतिक दुविधा को और अधिक स्पष्ट करता है, क्योंकि वह अपने परिवार और प्रियजनों के विरुद्ध लड़ने की कल्पना नहीं कर पा रहा है।"
    },
    {
        "chapterName": "अर्जुनविषादयोग",
        "chapterNumber": 1,
        "name": "श्लोक 1.35",
        "passage": "एतान्न हन्तुमिच्छामि घ्नतोऽपि मधुसूदन । अपि त्रैलोक्यराज्यस्य हेतोः किं नु महीकृते ॥",
        "translation": "हे मधुसूदन! यदि ये लोग मुझे मारना चाहें तो भी मैं इन्हें मारना नहीं चाहता, फिर तीनों लोकों के राज्य के लिए तो कहना ही क्या, इस पृथ्वी के राज्य के लिए तो कदापि नहीं।",
        "explanation": "इस श्लोक में अर्जुन अपनी अहिंसा की भावना व्यक्त करता है। वह कहता है कि वह अपने रिश्तेदारों को तब भी नहीं मारेगा जब वे उसे मारने की कोशिश करें। यह उसके उच्च नैतिक मूल्यों और शांति के प्रति प्रतिबद्धता को दर्शाता है।"
    },
    {
        "chapterName": "अर्जुनविषादयोग",
        "chapterNumber": 1,
        "name": "श्लोक 1.36",
        "passage": "निहत्य धार्तराष्ट्रान्नः का प्रीतिः स्याज्जनार्दन । पापमेवाश्रयेदस्मान्हत्वैतानाततायिनः ॥",
        "translation": "हे जनार्दन! धृतराष्ट्र के पुत्रों को मारकर हमें क्या प्रसन्नता होगी? इन आततायियों को मारने से हम पाप के भागी होंगे।",
        "explanation": "इस श्लोक में अर्जुन युद्ध के परिणामों पर चिंता व्यक्त करता है। वह महसूस करता है कि अपने रिश्तेदारों को मारने से उन्हें कोई खुशी नहीं मिलेगी, बल्कि यह उन्हें पाप का भागी बनाएगा। यह उसकी नैतिक सोच और कर्म के परिणामों के प्रति जागरूकता को दर्शाता है।"
    },
    {
        "chapterName": "अर्जुनविषादयोग",
        "chapterNumber": 1,
        "name": "श्लोक 1.37",
        "passage": "तस्मान्नार्हा वयं हन्तुं धार्तराष्ट्रान्स्वबान्धवान् । स्वजनं हि कथं हत्वा सुखिनः स्याम माधव ॥",
        "translation": "इसलिए हे माधव! अपने बन्धुओं, धृतराष्ट्र के पुत्रों को मारना हमारे लिए उचित नहीं है। अपने ही कुल के लोगों को मारकर हम कैसे सुखी हो सकते हैं?",
        "explanation": "यह श्लोक अर्जुन के आंतरिक संघर्ष को और अधिक स्पष्ट करता है। वह अपने परिवार के सदस्यों को मारने के विचार से व्याकुल है और सोचता है कि ऐसा करने से वे कभी सुखी नहीं हो सकते। यह पारिवारिक बंधनों के प्रति उसके गहरे लगाव को दर्शाता है।"
    },
    {
        "chapterName": "अर्जुनविषादयोग",
        "chapterNumber": 1,
        "name": "श्लोक 1.38-39",
        "passage": "यद्यप्येते न पश्यन्ति लोभोपहतचेतसः । कुलक्षयकृतं दोषं मित्रद्रोहे च पातकम् ॥ कथं न ज्ञेयमस्माभिः पापादस्मान्निवर्तितुम् । कुलक्षयकृतं दोषं प्रपश्यद्भिर्जनार्दन ॥",
        "translation": "यद्यपि लोभ से मोहित होकर ये लोग कुल-क्षय के दोष को और मित्रों से द्रोह करने के पाप को नहीं देख रहे हैं, किन्तु हे जनार्दन! कुल-नाश के दोष को जानने वाले हम लोगों को इस पाप से क्यों नहीं निवृत्त होना चाहिए?",
        "explanation": "इन श्लोकों में अर्जुन कौरवों की अज्ञानता पर टिप्पणी करता है, जो लोभ के कारण अपने कार्यों के परिणामों को नहीं समझ रहे हैं। वह मानता है कि उन्हें, जो इन परिणामों को समझते हैं, इस पाप से दूर रहना चाहिए। यह उसकी विवेकशीलता और नैतिक जिम्मेदारी की भावना को दर्शाता है।"
    },
    {
        "chapterName": "अर्जुनविषादयोग",
        "chapterNumber": 1,
        "name": "श्लोक 1.33",
        "passage": "न काङ्क्षे विजयं कृष्ण न च राज्यं सुखानि च । किं नो राज्येन गोविन्द किं भोगैर्जीवितेन वा ॥",
        "translation": "हे कृष्ण! मैं न तो विजय चाहता हूँ, न राज्य और न सुख। हे गोविन्द! हमें राज्य से क्या लाभ होगा? भोगों से या जीवन से भी क्या लाभ?",
        "explanation": "इस श्लोक में अर्जुन अपनी निराशा और विरक्ति को व्यक्त करता है। वह महसूस करता है कि युद्ध में विजय, राज्य प्राप्ति या भौतिक सुख का कोई महत्व नहीं है यदि इसके लिए अपने प्रियजनों को खोना पड़े। यह उसके मूल्यों में आए बदलाव और भौतिक लाभों के प्रति उदासीनता को दर्शाता है।"
    },
    {
        "chapterName": "अर्जुनविषादयोग",
        "chapterNumber": 1,
        "name": "श्लोक 1.40",
        "passage": "कुलक्षये प्रणश्यन्ति कुलधर्माः सनातनाः । धर्मे नष्टे कुलं कृत्स्नमधर्मोऽभिभवत्युत ॥",
        "translation": "कुल के नाश होने पर सनातन कुल-धर्म नष्ट हो जाते हैं, धर्म के नाश हो जाने पर सम्पूर्ण कुल को पाप दबा लेता है।",
        "explanation": "इस श्लोक में अर्जुन कुल-धर्म के महत्व पर प्रकाश डालता है। वह मानता है कि कुल के नाश से परंपरागत मूल्य और रीति-रिवाज नष्ट हो जाते हैं, जिससे समाज में अधर्म फैलता है। यह उसकी सामाजिक व्यवस्था और परंपराओं के प्रति चिंता को दर्शाता है।"
    },
    {
        "chapterName": "अर्जुनविषादयोग",
        "chapterNumber": 1,
        "name": "श्लोक 1.41",
        "passage": "अधर्माभिभवात्कृष्ण प्रदुष्यन्ति कुलस्त्रियः । स्त्रीषु दुष्टासु वार्ष्णेय जायते वर्णसङ्करः ॥",
        "translation": "हे कृष्ण! पाप के बढ़ जाने से कुल की स्त्रियाँ दूषित हो जाती हैं और हे वार्ष्णेय! स्त्रियों के दूषित हो जाने पर वर्णसंकर की उत्पत्ति होती है।",
        "explanation": "इस श्लोक में अर्जुन युद्ध के दूरगामी परिणामों पर चिंता व्यक्त करता है। वह मानता है कि कुल के नाश से समाज में नैतिक पतन आता है, जिससे वर्ण व्यवस्था भी प्रभावित होती है। यह उसकी सामाजिक संरचना और नैतिक मूल्यों के प्रति चिंता को दर्शाता है।"
    },
    {
        "chapterName": "अर्जुनविषादयोग",
        "chapterNumber": 1,
        "name": "श्लोक 1.42",
        "passage": "सङ्करो नरकायैव कुलघ्नानां कुलस्य च । पतन्ति पितरो ह्येषां लुप्तपिण्डोदकक्रियाः ॥",
        "translation": "वर्णसंकर की वृद्धि नरक का कारण है, जो कुलघातियों को और कुल को भी नरक में ले जाती है। पिण्डोदक क्रिया से वंचित हुए इनके पितर भी पतित हो जाते हैं।",
        "explanation": "यह श्लोक वर्णसंकर की समस्या और उसके परिणामों पर प्रकाश डालता है। अर्जुन का मानना है कि यह न केवल जीवित लोगों को प्रभावित करता है, बल्कि पूर्वजों की आत्माओं को भी। यह उसकी धार्मिक मान्यताओं और पारिवारिक परंपराओं के प्रति गहरी श्रद्धा को दर्शाता है।"
    },
    {
        "chapterName": "अर्जुनविषादयोग",
        "chapterNumber": 1,
        "name": "श्लोक 1.43",
        "passage": "दोषैरेतैः कुलघ्नानां वर्णसङ्करकारकैः । उत्साद्यन्ते जातिधर्माः कुलधर्माश्च शाश्वताः ॥",
        "translation": "हे कृष्ण! वर्णसंकर उत्पन्न करने वाले इन दोषों से कुलघातियों के सनातन कुल-धर्म और जाति-धर्म नष्ट हो जाते हैं।",
        "explanation": "इस श्लोक में अर्जुन फिर से कुल-धर्म और जाति-धर्म के महत्व पर जोर देता है। वह मानता है कि वर्णसंकर की समस्या इन परंपरागत धर्मों को नष्ट कर देती है। यह उसकी सामाजिक व्यवस्था और धार्मिक मूल्यों के प्रति गहरी चिंता को दर्शाता है।"
    },
    {
        "chapterName": "अर्जुनविषादयोग",
        "chapterNumber": 1,
        "name": "श्लोक 1.44",
        "passage": "उत्सन्नकुलधर्माणां मनुष्याणां जनार्दन । नरकेऽनियतं वासो भवतीत्यनुशुश्रुम ॥",
        "translation": "हे जनार्दन! हमने सुना है कि जिनके कुल-धर्म नष्ट हो जाते हैं, वे मनुष्य अनिश्चित काल तक नरक में वास करते हैं।",
        "explanation": "यह श्लोक अर्जुन की धार्मिक मान्यताओं को प्रकट करता है। वह मानता है कि कुल-धर्म के नाश से व्यक्ति को नरक में वास करना पड़ता है। यह उसके मन में धर्म और परंपरा के प्रति गहरी श्रद्धा और भय को दर्शाता है।"
    },
    {
        "chapterName": "अर्जुनविषादयोग",
        "chapterNumber": 1,
        "name": "श्लोक 1.45",
        "passage": "अहो बत महत्पापं कर्तुं व्यवसिता वयम् । यद्राज्यसुखलोभेन हन्तुं स्वजनमुद्यताः ॥",
        "translation": "अहो! हम बड़े भारी पाप करने का निश्चय कर बैठे हैं, जो राज्य-सुख के लोभ से अपने बान्धवों का वध करने को तैयार हो गये हैं।",
        "explanation": "इस श्लोक में अर्जुन अपने और अपने साथियों के निर्णय पर पछतावा व्यक्त करता है। वह महसूस करता है कि राज्य प्राप्ति के लिए अपने रिश्तेदारों को मारना एक बड़ा पाप है। यह उसकी नैतिक चेतना और आत्म-आलोचना की क्षमता को दर्शाता है।"
    },
    {
        "chapterName": "अर्जुनविषादयोग",
        "chapterNumber": 1,
        "name": "श्लोक 1.46",
        "passage": "यदि मामप्रतीकारमशस्त्रं शस्त्रपाणयः । धार्तराष्ट्रा रणे हन्युस्तन्मे क्षेमतरं भवेत् ॥",
        "translation": "यदि मुझे शस्त्ररहित और प्रतिकार न करते हुए धृतराष्ट्र के पुत्र शस्त्र-सहित रणभूमि में मार डालें तो वह मेरे लिए अधिक क्षेमकर होगा।",
        "explanation": "इस अंतिम श्लोक में अर्जुन अपनी पूर्ण निराशा व्यक्त करता है। वह कहता है कि उसके लिए बिना प्रतिरोध किए मारा जाना बेहतर होगा बजाय इसके कि वह अपने रिश्तेदारों को मारे। यह उसकी गहरी नैतिक पीड़ा और युद्ध के प्रति विरक्ति को दर्शाता है।"
    },
    {
        "chapterName": "अर्जुनविषादयोग",
        "chapterNumber": 1,
        "name": "श्लोक 1.47",
        "passage": "सञ्जय उवाच । एवमुक्त्वार्जुनः सङ्ख्ये रथोपस्थ उपाविशत् । विसृज्य सशरं चापं शोकसंविग्नमानसः ॥",
        "translation": "संजय ने कहा - इस प्रकार कहकर अर्जुन रणभूमि में अपने रथ पर बैठ गए और शोक से संतप्त होकर धनुष-बाण त्याग कर मौन हो गए।",
        "explanation": "यह श्लोक अर्जुन के मानसिक संघर्ष की पराकाष्ठा को दर्शाता है। वह इतना व्याकुल और दुखी हो जाता है कि युद्ध करने की इच्छा खो देता है और अपने हथियार नीचे रख देता है। यह उसकी भावनात्मक स्थिति और नैतिक द्वंद्व को स्पष्ट रूप से प्रदर्शित करता है, जो गीता के आगामी अध्यायों में श्रीकृष्ण द्वारा संबोधित किया जाएगा।"
    }
]