[
    {
        "chapterName": "कर्मयोग",
        "chapterNumber": 3,
        "name": "श्लोक 3.1",
        "passage": "अर्जुन उवाच । ज्यायसी चेत्कर्मणस्ते मता बुद्धिर्जनार्दन । तत्किं कर्मणि घोरे मां नियोजयसि केशव ॥",
        "translation": "अर्जुन बोले: हे जनार्दन, यदि बुद्धि (ज्ञान) को कर्म से श्रेष्ठ मानते हैं, तो हे केशव, मुझे इस भयानक कर्म में क्यों लगाते हो?",
        "explanation": "अर्जुन यहाँ कृष्ण से प्रश्न करते हैं कि यदि ज्ञान (बुद्धि) को कर्म से श्रेष्ठ माना जाता है, तो उन्हें इस भयंकर युद्ध में क्यों लगाया जा रहा है। यह शंका उनकी मानसिक स्थिति और कर्तव्य के प्रति दुविधा को दर्शाती है।"
    },
    {
        "chapterName": "कर्मयोग",
        "chapterNumber": 3,
        "name": "श्लोक 3.2",
        "passage": "व्यामिश्रेणेव वाक्येन बुद्धिं मोहयसीव मे । तदेकं वद निश्चित्य येन श्रेयोऽहमाप्नुयाम् ॥",
        "translation": "आपके मिलेजुले वचनों से मेरी बुद्धि भ्रमित हो रही है। इसलिए, कृपया मुझे एक ऐसा निश्चित मार्ग बताइए जिससे मैं कल्याण प्राप्त कर सकूं।",
        "explanation": "अर्जुन कहते हैं कि कृष्ण के विविध वचनों से वे भ्रमित हो रहे हैं। वे एक स्पष्ट और निश्चित मार्ग की मांग करते हैं जिससे उनका कल्याण हो। यह अर्जुन की दृढ़ता और शंका का प्रतिबिंब है।"
    },
    {
        "chapterName": "कर्मयोग",
        "chapterNumber": 3,
        "name": "श्लोक 3.3",
        "passage": "श्रीभगवानुवाच । लोकेऽस्मिन द्विविधा निष्ठा पुरा प्रोक्ता मयानघ । ज्ञानयोगेन साङ्ख्यानां कर्मयोगेन योगिनाम् ॥",
        "translation": "श्रीभगवान ने कहा: हे निष्पाप अर्जुन, इस संसार में दो प्रकार की निष्ठा (मार्ग) की चर्चा की गई है— ज्ञानयोग (सांख्य योगियों के लिए) और कर्मयोग (कर्मयोगियों के लिए)।",
        "explanation": "कृष्ण यहाँ अर्जुन को समझाते हैं कि संसार में दो प्रकार की निष्ठा या मार्ग हैं। सांख्य योग में ज्ञान और ध्यान पर ध्यान केंद्रित किया जाता है, जबकि कर्मयोग में कर्म और कर्तव्य को प्राथमिकता दी जाती है।"
    },
    {
        "chapterName": "कर्मयोग",
        "chapterNumber": 3,
        "name": "श्लोक 3.4",
        "passage": "न कर्मणामनारम्भान्नैष्कर्म्यं पुरुषोऽश्नुते । न च सन्न्यसनादेव सिद्धिं समधिगच्छति ॥",
        "translation": "कर्म का आरंभ न करने से कोई व्यक्ति नैष्कर्म्य (कर्म से मुक्ति) प्राप्त नहीं करता, और न ही केवल संन्यास धारण करने से कोई सिद्धि प्राप्त कर सकता है।",
        "explanation": "कृष्ण बताते हैं कि कर्म को त्यागने से ही मुक्ति प्राप्त नहीं की जा सकती। केवल संन्यास (त्याग) से कोई सिद्धि या मोक्ष प्राप्त नहीं कर सकता, इसके लिए सही प्रकार से कर्म करना आवश्यक है।"
    },
    {
        "chapterName": "कर्मयोग",
        "chapterNumber": 3,
        "name": "श्लोक 3.5",
        "passage": "न हि कश्चित्क्षणमपि जातु तिष्ठत्यकर्मकृत् । कार्यते ह्यवशः कर्म सर्वः प्रकृतिजैर्गुणैः ॥",
        "translation": "कोई भी व्यक्ति क्षणभर के लिए भी बिना कर्म किए नहीं रह सकता। सभी को प्रकृति के गुणों द्वारा मजबूर होकर कर्म करना पड़ता है।",
        "explanation": "कृष्ण यहाँ समझाते हैं कि संसार में कोई भी व्यक्ति बिना कर्म किए नहीं रह सकता, चाहे वह प्रयास करे या नहीं। सभी को प्रकृति द्वारा दिए गए गुणों के अनुसार कर्म करना ही पड़ता है।"
    },
    {
        "chapterName": "कर्मयोग",
        "chapterNumber": 3,
        "name": "श्लोक 3.6",
        "passage": "कर्मेन्द्रियाणि संयम्य य आस्ते मनसा स्मरन् । इन्द्रियार्थान्विमूढात्मा मिथ्याचारः स उच्यते ॥",
        "translation": "जो व्यक्ति अपनी इंद्रियों को संयमित करके मन से इंद्रियों के विषयों को याद करता है, वह मूढ़ और मिथ्याचारी कहलाता है।",
        "explanation": "कृष्ण यह स्पष्ट करते हैं कि केवल इंद्रियों को संयमित करके बैठ जाना और मन में इच्छाओं का चिंतन करना कपटाचार कहलाता है। कर्म करने से ही मोक्ष प्राप्त हो सकता है।"
    },
    {
        "chapterName": "कर्मयोग",
        "chapterNumber": 3,
        "name": "श्लोक 3.7",
        "passage": "यस्त्विन्द्रियाणि मनसा नियम्यारभतेऽर्जुन । कर्मेन्द्रियैः कर्मयोगमसक्तः स विशिष्यते ॥",
        "translation": "हे अर्जुन, जो व्यक्ति मन द्वारा अपनी इंद्रियों को नियंत्रित करता है और कर्म करता है, वह आसक्त हुए बिना कर्मयोगी कहलाता है और वह श्रेष्ठ होता है।",
        "explanation": "कृष्ण अर्जुन को बताते हैं कि जो व्यक्ति मन और इंद्रियों को नियंत्रित कर आसक्त हुए बिना कर्म करता है, वही सच्चा कर्मयोगी है और श्रेष्ठ है।"
    },
    {
        "chapterName": "कर्मयोग",
        "chapterNumber": 3,
        "name": "श्लोक 3.8",
        "passage": "नियतं कुरु कर्म त्वं कर्म ज्यायो ह्यकर्मणः । शरीरयात्रापि च ते न प्रसिद्ध्येदकर्मणः ॥",
        "translation": "तुम नियत कर्म करो, क्योंकि कर्म न करने से कर्म करना श्रेष्ठ है। कर्म न करने से शरीर का भी पालन संभव नहीं होता।",
        "explanation": "कृष्ण अर्जुन को प्रेरित करते हैं कि वह अपने निर्धारित कर्म को पूरा करें, क्योंकि कर्म करना न करने से श्रेष्ठ है। कर्म के बिना कोई भी अपनी जीवन यात्रा को पूरा नहीं कर सकता।"
    },
    {
        "chapterName": "कर्मयोग",
        "chapterNumber": 3,
        "name": "श्लोक 3.9",
        "passage": "यज्ञार्थात्कर्मणोऽन्यत्र लोकोऽयं कर्मबन्धनः । तदर्थं कर्म कौन्तेय मुक्तसंगः समाचर ॥",
        "translation": "हे कौन्तेय, यज्ञ के लिए किए गए कर्म के अलावा अन्य सभी कर्म बंधन में डालते हैं। इसलिए आसक्ति से मुक्त होकर यज्ञ के लिए कर्म करो।",
        "explanation": "कृष्ण समझाते हैं कि केवल यज्ञ (कर्तव्य और समर्पण) के लिए किया गया कर्म ही बंधन से मुक्त करता है, अन्यथा कर्म व्यक्ति को बंधन में डालता है। इसलिए बिना आसक्ति के कर्म करें।"
    },
    {
        "chapterName": "कर्मयोग",
        "chapterNumber": 3,
        "name": "श्लोक 3.10",
        "passage": "सहयज्ञाः प्रजाः सृष्ट्वा पुरोवाच प्रजापतिः । अनेन प्रसविष्यध्वमेष वोऽस्त्विष्टकामधुक् ॥",
        "translation": "सृष्टिकर्ता प्रजापति ने सृष्टि के आरंभ में यज्ञ के साथ प्रजाओं की रचना की और कहा कि इस यज्ञ से तुम्हारी समृद्धि होगी और यह तुम्हारी इच्छाएँ पूरी करेगा।",
        "explanation": "कृष्ण बताते हैं कि सृष्टि के प्रारंभ में प्रजापति ने यज्ञ के साथ प्राणियों की रचना की और उन्हें बताया कि यज्ञ के द्वारा ही वे अपनी समृद्धि और इच्छाओं की पूर्ति कर सकते हैं। यज्ञ यहाँ कर्तव्य और समर्पण का प्रतीक है।"
    },
    {
        "chapterName": "कर्मयोग",
        "chapterNumber": 3,
        "name": "श्लोक 3.1",
        "passage": "अर्जुन उवाच । ज्यायसी चेत्कर्मणस्ते मता बुद्धिर्जनार्दन । तत्किं कर्मणि घोरे मां नियोजयसि केशव ॥",
        "translation": "अर्जुन बोले: हे जनार्दन, यदि बुद्धि (ज्ञान) को कर्म से श्रेष्ठ मानते हैं, तो हे केशव, मुझे इस भयानक कर्म में क्यों लगाते हो?",
        "explanation": "अर्जुन यहाँ कृष्ण से प्रश्न करते हैं कि यदि ज्ञान (बुद्धि) को कर्म से श्रेष्ठ माना जाता है, तो उन्हें इस भयंकर युद्ध में क्यों लगाया जा रहा है। यह शंका उनकी मानसिक स्थिति और कर्तव्य के प्रति दुविधा को दर्शाती है।"
    },
    {
        "chapterName": "कर्मयोग",
        "chapterNumber": 3,
        "name": "श्लोक 3.2",
        "passage": "व्यामिश्रेणेव वाक्येन बुद्धिं मोहयसीव मे । तदेकं वद निश्चित्य येन श्रेयोऽहमाप्नुयाम् ॥",
        "translation": "आपके मिलेजुले वचनों से मेरी बुद्धि भ्रमित हो रही है। इसलिए, कृपया मुझे एक ऐसा निश्चित मार्ग बताइए जिससे मैं कल्याण प्राप्त कर सकूं।",
        "explanation": "अर्जुन कहते हैं कि कृष्ण के विविध वचनों से वे भ्रमित हो रहे हैं। वे एक स्पष्ट और निश्चित मार्ग की मांग करते हैं जिससे उनका कल्याण हो। यह अर्जुन की दृढ़ता और शंका का प्रतिबिंब है।"
    },
    {
        "chapterName": "कर्मयोग",
        "chapterNumber": 3,
        "name": "श्लोक 3.3",
        "passage": "श्रीभगवानुवाच । लोकेऽस्मिन द्विविधा निष्ठा पुरा प्रोक्ता मयानघ । ज्ञानयोगेन साङ्ख्यानां कर्मयोगेन योगिनाम् ॥",
        "translation": "श्रीभगवान ने कहा: हे निष्पाप अर्जुन, इस संसार में दो प्रकार की निष्ठा (मार्ग) की चर्चा की गई है— ज्ञानयोग (सांख्य योगियों के लिए) और कर्मयोग (कर्मयोगियों के लिए)।",
        "explanation": "कृष्ण यहाँ अर्जुन को समझाते हैं कि संसार में दो प्रकार की निष्ठा या मार्ग हैं। सांख्य योग में ज्ञान और ध्यान पर ध्यान केंद्रित किया जाता है, जबकि कर्मयोग में कर्म और कर्तव्य को प्राथमिकता दी जाती है।"
    },
    {
        "chapterName": "कर्मयोग",
        "chapterNumber": 3,
        "name": "श्लोक 3.4",
        "passage": "न कर्मणामनारम्भान्नैष्कर्म्यं पुरुषोऽश्नुते । न च सन्न्यसनादेव सिद्धिं समधिगच्छति ॥",
        "translation": "कर्म का आरंभ न करने से कोई व्यक्ति नैष्कर्म्य (कर्म से मुक्ति) प्राप्त नहीं करता, और न ही केवल संन्यास धारण करने से कोई सिद्धि प्राप्त कर सकता है।",
        "explanation": "कृष्ण बताते हैं कि कर्म को त्यागने से ही मुक्ति प्राप्त नहीं की जा सकती। केवल संन्यास (त्याग) से कोई सिद्धि या मोक्ष प्राप्त नहीं कर सकता, इसके लिए सही प्रकार से कर्म करना आवश्यक है।"
    },
    {
        "chapterName": "कर्मयोग",
        "chapterNumber": 3,
        "name": "श्लोक 3.5",
        "passage": "न हि कश्चित्क्षणमपि जातु तिष्ठत्यकर्मकृत् । कार्यते ह्यवशः कर्म सर्वः प्रकृतिजैर्गुणैः ॥",
        "translation": "कोई भी व्यक्ति क्षणभर के लिए भी बिना कर्म किए नहीं रह सकता। सभी को प्रकृति के गुणों द्वारा मजबूर होकर कर्म करना पड़ता है।",
        "explanation": "कृष्ण यहाँ समझाते हैं कि संसार में कोई भी व्यक्ति बिना कर्म किए नहीं रह सकता, चाहे वह प्रयास करे या नहीं। सभी को प्रकृति द्वारा दिए गए गुणों के अनुसार कर्म करना ही पड़ता है।"
    },
    {
        "chapterName": "कर्मयोग",
        "chapterNumber": 3,
        "name": "श्लोक 3.6",
        "passage": "कर्मेन्द्रियाणि संयम्य य आस्ते मनसा स्मरन् । इन्द्रियार्थान्विमूढात्मा मिथ्याचारः स उच्यते ॥",
        "translation": "जो व्यक्ति अपनी इंद्रियों को संयमित करके मन से इंद्रियों के विषयों को याद करता है, वह मूढ़ और मिथ्याचारी कहलाता है।",
        "explanation": "कृष्ण यह स्पष्ट करते हैं कि केवल इंद्रियों को संयमित करके बैठ जाना और मन में इच्छाओं का चिंतन करना कपटाचार कहलाता है। कर्म करने से ही मोक्ष प्राप्त हो सकता है।"
    },
    {
        "chapterName": "कर्मयोग",
        "chapterNumber": 3,
        "name": "श्लोक 3.7",
        "passage": "यस्त्विन्द्रियाणि मनसा नियम्यारभतेऽर्जुन । कर्मेन्द्रियैः कर्मयोगमसक्तः स विशिष्यते ॥",
        "translation": "हे अर्जुन, जो व्यक्ति मन द्वारा अपनी इंद्रियों को नियंत्रित करता है और कर्म करता है, वह आसक्त हुए बिना कर्मयोगी कहलाता है और वह श्रेष्ठ होता है।",
        "explanation": "कृष्ण अर्जुन को बताते हैं कि जो व्यक्ति मन और इंद्रियों को नियंत्रित कर आसक्त हुए बिना कर्म करता है, वही सच्चा कर्मयोगी है और श्रेष्ठ है।"
    },
    {
        "chapterName": "कर्मयोग",
        "chapterNumber": 3,
        "name": "श्लोक 3.8",
        "passage": "नियतं कुरु कर्म त्वं कर्म ज्यायो ह्यकर्मणः । शरीरयात्रापि च ते न प्रसिद्ध्येदकर्मणः ॥",
        "translation": "तुम नियत कर्म करो, क्योंकि कर्म न करने से कर्म करना श्रेष्ठ है। कर्म न करने से शरीर का भी पालन संभव नहीं होता।",
        "explanation": "कृष्ण अर्जुन को प्रेरित करते हैं कि वह अपने निर्धारित कर्म को पूरा करें, क्योंकि कर्म करना न करने से श्रेष्ठ है। कर्म के बिना कोई भी अपनी जीवन यात्रा को पूरा नहीं कर सकता।"
    },
    {
        "chapterName": "कर्मयोग",
        "chapterNumber": 3,
        "name": "श्लोक 3.9",
        "passage": "यज्ञार्थात्कर्मणोऽन्यत्र लोकोऽयं कर्मबन्धनः । तदर्थं कर्म कौन्तेय मुक्तसंगः समाचर ॥",
        "translation": "हे कौन्तेय, यज्ञ के लिए किए गए कर्म के अलावा अन्य सभी कर्म बंधन में डालते हैं। इसलिए आसक्ति से मुक्त होकर यज्ञ के लिए कर्म करो।",
        "explanation": "कृष्ण समझाते हैं कि केवल यज्ञ (कर्तव्य और समर्पण) के लिए किया गया कर्म ही बंधन से मुक्त करता है, अन्यथा कर्म व्यक्ति को बंधन में डालता है। इसलिए बिना आसक्ति के कर्म करें।"
    },
    {
        "chapterName": "कर्मयोग",
        "chapterNumber": 3,
        "name": "श्लोक 3.10",
        "passage": "सहयज्ञाः प्रजाः सृष्ट्वा पुरोवाच प्रजापतिः । अनेन प्रसविष्यध्वमेष वोऽस्त्विष्टकामधुक् ॥",
        "translation": "सृष्टिकर्ता प्रजापति ने सृष्टि के आरंभ में यज्ञ के साथ प्रजाओं की रचना की और कहा कि इस यज्ञ से तुम्हारी समृद्धि होगी और यह तुम्हारी इच्छाएँ पूरी करेगा।",
        "explanation": "कृष्ण बताते हैं कि सृष्टि के प्रारंभ में प्रजापति ने यज्ञ के साथ प्राणियों की रचना की और उन्हें बताया कि यज्ञ के द्वारा ही वे अपनी समृद्धि और इच्छाओं की पूर्ति कर सकते हैं। यज्ञ यहाँ कर्तव्य और समर्पण का प्रतीक है।"
    },
    {
        "chapterName": "कर्मयोग",
        "chapterNumber": 3,
        "name": "श्लोक 3.11",
        "passage": "देवान्भावयतानेन ते देवा भावयन्तु वः। परस्परं भावयन्तः श्रेयः परमवाप्स्यथ ॥",
        "translation": "इस यज्ञ के द्वारा देवताओं को संतुष्ट करो, और वे तुम्हें संतुष्ट करेंगे। इस प्रकार एक-दूसरे को संतुष्ट करते हुए, तुम परम कल्याण प्राप्त करोगे।",
        "explanation": "कृष्ण यहाँ बताते हैं कि यज्ञ (कर्तव्य) के माध्यम से देवताओं को संतुष्ट करना चाहिए। जब देवता संतुष्ट होते हैं, तो वे मानवता को कल्याण प्रदान करते हैं। यह परस्पर सहयोग का सिद्धांत है, जो मानव जीवन और प्रकृति के बीच संतुलन को दर्शाता है।"
    },
    {
        "chapterName": "कर्मयोग",
        "chapterNumber": 3,
        "name": "श्लोक 3.12",
        "passage": "इष्टान्भोगान्हि वो देवा दास्यन्ते यज्ञभाविताः। तैर्दत्तानप्रदायैभ्यो यो भुङ्क्ते स्तेन एव सः ॥",
        "translation": "देवताओं द्वारा प्रदान किए गए भोगों का आनंद केवल वे लोग ले सकते हैं, जो यज्ञ के माध्यम से उनका समर्पण करते हैं। जो बिना अर्पण किए भोगों का उपभोग करता है, वह चोर है।",
        "explanation": "कृष्ण समझाते हैं कि देवताओं द्वारा प्रदान की गई चीज़ों का उपभोग बिना अर्पण या यज्ञ के करना अनुचित है। ऐसा व्यक्ति चोर के समान होता है, क्योंकि वह उचित आदान-प्रदान नहीं करता।"
    },
    {
        "chapterName": "कर्मयोग",
        "chapterNumber": 3,
        "name": "श्लोक 3.13",
        "passage": "यज्ञशिष्टाशिनः सन्तो मुच्यन्ते सर्वकिल्बिषैः। भुञ्जते ते त्वघं पापा ये पचन्त्यात्मकारणात् ॥",
        "translation": "यज्ञ से शेष बचे अन्न को खाने वाले संत सभी पापों से मुक्त हो जाते हैं, जबकि स्वार्थवश भोजन पकाने वाले पाप खाते हैं।",
        "explanation": "यह श्लोक बताता है कि जो लोग यज्ञ के बाद शेष अन्न का उपभोग करते हैं, वे पापों से मुक्त हो जाते हैं। इसके विपरीत, जो केवल अपने स्वार्थ के लिए भोजन करते हैं, वे पाप को ग्रहण करते हैं।"
    },
    {
        "chapterName": "कर्मयोग",
        "chapterNumber": 3,
        "name": "श्लोक 3.14",
        "passage": "अन्नाद्भवन्ति भूतानि पर्जन्यादन्नसम्भवः। यज्ञाद्भवति पर्जन्यो यज्ञः कर्मसमुद्भवः ॥",
        "translation": "सभी प्राणी अन्न से उत्पन्न होते हैं, अन्न वर्षा से उत्पन्न होता है, वर्षा यज्ञ से होती है, और यज्ञ कर्म से उत्पन्न होता है।",
        "explanation": "कृष्ण यहाँ जीवन चक्र को समझा रहे हैं। प्राणी अन्न से जीवित रहते हैं, अन्न वर्षा से उत्पन्न होता है, वर्षा यज्ञ (कर्तव्य) के कारण होती है, और यज्ञ केवल कर्म से उत्पन्न हो सकता है। यह एक चक्र का प्रतीक है।"
    },
    {
        "chapterName": "कर्मयोग",
        "chapterNumber": 3,
        "name": "श्लोक 3.15",
        "passage": "कर्म ब्रह्मोद्भवं विद्धि ब्रह्माक्षरसमुद्भवम्। तस्मात्सर्वगतं ब्रह्म नित्यं यज्ञे प्रतिष्ठितम् ॥",
        "translation": "कर्म ब्रह्मा (वेद) से उत्पन्न होता है, और ब्रह्म (वेद) अविनाशी से उत्पन्न होता है। इसलिए, सर्वव्यापी ब्रह्म सदा यज्ञ में स्थित रहता है।",
        "explanation": "यह श्लोक दर्शाता है कि कर्म का आधार ब्रह्मा (वेद) है, जो अविनाशी तत्व से उत्पन्न हुआ है। यह बताता है कि समर्पण और कर्म के बीच गहरा संबंध है, और ब्रह्म सदा यज्ञ में स्थित है।"
    },
    {
        "chapterName": "कर्मयोग",
        "chapterNumber": 3,
        "name": "श्लोक 3.16",
        "passage": "एवं प्रवर्तितं चक्रं नानुवर्तयतीह यः। अघायुरिन्द्रियारामो मोघं पार्थ स जीवति ॥",
        "translation": "हे पार्थ, जो व्यक्ति इस चक्र का पालन नहीं करता और केवल इंद्रियों के सुख में ही लिप्त रहता है, वह व्यर्थ जीवन जीता है।",
        "explanation": "कृष्ण यहाँ स्पष्ट करते हैं कि जो व्यक्ति इस जीवन चक्र (कर्तव्य और यज्ञ का चक्र) का पालन नहीं करता और केवल इंद्रियों के सुख में खोया रहता है, उसका जीवन व्यर्थ होता है।"
    },
    {
        "chapterName": "कर्मयोग",
        "chapterNumber": 3,
        "name": "श्लोक 3.17",
        "passage": "यस्त्वात्मरतिरेव स्यादात्मतृप्तश्च मानवः। आत्मन्येव च सन्तुष्टस्तस्य कार्यं न विद्यते ॥",
        "translation": "जो व्यक्ति आत्मा में रमण करता है, आत्मा में तृप्त है और आत्मा में ही संतुष्ट है, उसके लिए कोई कर्म नहीं बचता।",
        "explanation": "कृष्ण बताते हैं कि जो व्यक्ति आत्म-ज्ञान में रमण करता है, और उसे किसी बाहरी साधन की आवश्यकता नहीं होती, ऐसे व्यक्ति को कर्म करने की आवश्यकता नहीं होती क्योंकि वह पहले से ही आत्मसंतुष्ट है।"
    },
    {
        "chapterName": "कर्मयोग",
        "chapterNumber": 3,
        "name": "श्लोक 3.18",
        "passage": "नैव तस्य कृतेनार्थो नाकृतेनेह कश्चन। न चास्य सर्वभूतेषु कश्चिदर्थव्यपाश्रयः ॥",
        "translation": "उसके लिए न तो किए गए कर्म से कोई प्रयोजन होता है और न ही न किए गए कर्म से। न ही उसे किसी प्राणी में कोई आश्रय प्राप्त होता है।",
        "explanation": "यह श्लोक बताता है कि जिस व्यक्ति ने आत्म-साक्षात्कार कर लिया है, उसे न तो कर्म करने से कुछ प्राप्त होता है और न ही उसे कुछ त्यागने से। वह स्वतंत्र और संतुष्ट रहता है।"
    },
    {
        "chapterName": "कर्मयोग",
        "chapterNumber": 3,
        "name": "श्लोक 3.19",
        "passage": "तस्मादसक्तः सततं कार्यं कर्म समाचर। असक्तो ह्याचरन्कर्म परमाप्नोति पुरुषः ॥",
        "translation": "इसलिए, हमेशा आसक्ति से रहित होकर अपने कर्तव्यों का पालन करो, क्योंकि इस तरह कर्म करते हुए व्यक्ति परम सिद्धि प्राप्त करता है।",
        "explanation": "कृष्ण अर्जुन से कहते हैं कि वह बिना किसी आसक्ति के अपने कर्तव्यों का पालन करे, क्योंकि इस प्रकार से कार्य करने पर ही व्यक्ति परम सिद्धि या मोक्ष को प्राप्त कर सकता है।"
    },
    {
        "chapterName": "कर्मयोग",
        "chapterNumber": 3,
        "name": "श्लोक 3.20",
        "passage": "कर्मणैव हि संसिद्धिमास्थिता जनकादयः। लोकसंग्रहमेवापि सम्पश्यन्कर्तुमर्हसि॥",
        "translation": "केवल कर्म के द्वारा ही जनकादि महापुरुषों ने सिद्धि प्राप्त की है। इसलिए तुम्हें भी लोक-संग्रह के लिए कर्म करना चाहिए।",
        "explanation": "कृष्ण समझाते हैं कि राजा जनक जैसे महापुरुषों ने भी अपने कर्तव्यों का पालन करते हुए सिद्धि प्राप्त की। वे अर्जुन से कहते हैं कि उसे भी समाज के हित के लिए निष्काम भाव से अपने कर्म करने चाहिए।"
    },
    {
        "chapterName": "कर्मयोग",
        "chapterNumber": 3,
        "name": "श्लोक 3.21",
        "passage": "यद्यदाचरति श्रेष्ठस्तत्तदेवेतरो जनः। स यत्प्रमाणं कुरुते लोकस्तदनुवर्तते॥",
        "translation": "श्रेष्ठ पुरुष जैसा आचरण करता है, अन्य लोग भी वैसे ही आचरण करते हैं। वह जो आदर्श प्रस्तुत करता है, लोग उसका अनुसरण करते हैं।",
        "explanation": "यह श्लोक बताता है कि समाज के नेता और श्रेष्ठ व्यक्ति का आचरण अन्य लोगों के लिए आदर्श बन जाता है। इसलिए, कृष्ण अर्जुन को याद दिलाते हैं कि उसका कर्म बाकी लोगों को प्रभावित करेगा, और उसे अनुकरणीय कर्म करना चाहिए।"
    },
    {
        "chapterName": "कर्मयोग",
        "chapterNumber": 3,
        "name": "श्लोक 3.22",
        "passage": "न मे पार्थास्ति कर्तव्यं त्रिषु लोकेषु किंचन। नानवाप्तमवाप्तव्यं वर्त एव च कर्मणि॥",
        "translation": "हे पार्थ, मुझे तीनों लोकों में कोई भी कर्तव्य नहीं है। न तो मुझे कुछ प्राप्त करना है, और न ही मुझे कुछ पाना बाकी है। फिर भी मैं कर्म में संलग्न रहता हूँ।",
        "explanation": "कृष्ण यहाँ बताते हैं कि उन्हें संसार में कुछ प्राप्त करने की आवश्यकता नहीं है, फिर भी वे कर्म में संलग्न रहते हैं। यह इसलिए है ताकि अन्य लोग उनके आचरण से प्रेरित हों और अपने कर्तव्यों का पालन करें।"
    },
    {
        "chapterName": "कर्मयोग",
        "chapterNumber": 3,
        "name": "श्लोक 3.23",
        "passage": "यदि ह्यहं न वर्तेयं जातु कर्मण्यतन्द्रितः। मम वर्त्मानुवर्तन्ते मनुष्याः पार्थ सर्वशः॥",
        "translation": "यदि मैं सतत कर्म में संलग्न न रहूं, तो सभी मनुष्य मेरे मार्ग का अनुकरण करेंगे।",
        "explanation": "कृष्ण अर्जुन को यह बताते हैं कि यदि वे स्वयं कर्म से विमुख हो जाते, तो दुनिया के लोग भी अपने कर्तव्यों से विमुख हो जाते। इसलिए, एक आदर्श स्थापित करना महत्वपूर्ण है।"
    },
    {
        "chapterName": "कर्मयोग",
        "chapterNumber": 3,
        "name": "श्लोक 3.24",
        "passage": "उत्सीदेयुरिमे लोका न कुर्यां कर्म चेदहम्। सङ्करस्य च कर्ता स्यामुपहन्यामिमाः प्रजाः॥",
        "translation": "यदि मैं कर्म न करूं, तो ये सारे लोक नष्ट हो जाएंगे। मैं प्राणियों का नाश करने वाला और अराजकता फैलाने वाला बन जाऊंगा।",
        "explanation": "यह श्लोक बताता है कि यदि कृष्ण अपने कर्तव्यों का पालन न करें, तो दुनिया में अराजकता और विनाश फैल जाएगा। उनके कर्म करने से संसार का संतुलन बना रहता है।"
    },
    {
        "chapterName": "कर्मयोग",
        "chapterNumber": 3,
        "name": "श्लोक 3.25",
        "passage": "सक्ताः कर्मण्यविद्वांसो यथा कुर्वन्ति भारत। कुर्याद्विद्वांस्तथासक्तश्चिकीर्षुर्लोकसंग्रहम्॥",
        "translation": "हे भारत, जैसे अज्ञानी लोग आसक्त होकर कर्म करते हैं, वैसे ही ज्ञानी व्यक्ति भी लोक-संग्रह के लिए आसक्ति रहित होकर कर्म करे।",
        "explanation": "कृष्ण कहते हैं कि अज्ञानी व्यक्ति कर्म में आसक्त होते हैं, लेकिन ज्ञानी व्यक्ति समाज के हित के लिए बिना आसक्ति के कर्म करता है। यह कर्म का एक उच्च स्तर है।"
    },
    {
        "chapterName": "कर्मयोग",
        "chapterNumber": 3,
        "name": "श्लोक 3.26",
        "passage": "न बुद्धिभेदं जनयेदज्ञानां कर्मसङ्गिनाम्। जोषयेत्सर्वकर्माणि विद्वान्युक्तः समाचरन्॥",
        "translation": "ज्ञानी व्यक्ति को अज्ञानियों की बुद्धि को भ्रमित नहीं करना चाहिए, बल्कि उसे उनके कर्मों में लगे रहने देना चाहिए और स्वयं भी कर्म करते रहना चाहिए।",
        "explanation": "कृष्ण बताते हैं कि एक ज्ञानी व्यक्ति को अज्ञानी लोगों की समझ को भ्रमित करने के बजाय, उन्हें उनके कर्मों में लगे रहने देना चाहिए। ज्ञानी को बिना आसक्ति के कर्म करना चाहिए, ताकि दूसरों को प्रेरित किया जा सके।"
    },
    {
        "chapterName": "कर्मयोग",
        "chapterNumber": 3,
        "name": "श्लोक 3.27",
        "passage": "प्रकृतेः क्रियमाणानि गुणैः कर्माणि सर्वशः। अहङ्कारविमूढात्मा कर्ताहमिति मन्यते॥",
        "translation": "सभी कर्म प्रकृति के गुणों द्वारा कराए जाते हैं, लेकिन अहंकार से भ्रमित आत्मा सोचती है कि वह कर्ता है।",
        "explanation": "यह श्लोक बताता है कि कर्म प्रकृति के तीन गुणों (सत्त्व, रजस, तमस) द्वारा संचालित होते हैं। अहंकार से भ्रमित व्यक्ति सोचता है कि वह स्वयं कर्म कर रहा है, जबकि वास्तव में यह प्रकृति का खेल है।"
    },
    {
        "chapterName": "कर्मयोग",
        "chapterNumber": 3,
        "name": "श्लोक 3.28",
        "passage": "तत्त्ववित्तु महाबाहो गुणकर्मविभागयोः। गुणा गुणेषु वर्तन्त इति मत्वा न सज्जते॥",
        "translation": "हे महाबाहु, जो तत्व को जानता है, वह जानता है कि गुण और कर्म के बीच भेद है। वह यह समझता है कि गुण ही गुणों में कार्य कर रहे हैं, और इसलिए वह आसक्त नहीं होता।",
        "explanation": "यह श्लोक बताता है कि जो व्यक्ति ज्ञान प्राप्त कर चुका है, वह समझता है कि कर्म वास्तव में प्रकृति के गुणों का खेल है। इस समझ के साथ, वह किसी भी कार्य में आसक्त नहीं होता।"
    },
    {
        "chapterName": "कर्मयोग",
        "chapterNumber": 3,
        "name": "श्लोक 3.29",
        "passage": "प्रकृतेर्गुणसम्मूढाः सज्जन्ते गुणकर्मसु। तानकृत्स्नविदो मन्दान्कृत्स्नविन्न विचालयेत्॥",
        "translation": "जो लोग प्रकृति के गुणों से मोहित हैं, वे इन गुणों और कर्मों में आसक्त हो जाते हैं। जो तत्व को जानते हैं, उन्हें उन अज्ञानी लोगों को विचलित नहीं करना चाहिए।",
        "explanation": "यह श्लोक कहता है कि जो लोग प्रकृति के प्रभाव में होते हैं, वे कर्म और गुणों में फंस जाते हैं। जो ज्ञानी व्यक्ति हैं, उन्हें इन अज्ञानी लोगों को विचलित करने की बजाय उन्हें उनके मार्ग पर चलने देना चाहिए।"
    },
    {
        "chapterName": "कर्मयोग",
        "chapterNumber": 3,
        "name": "श्लोक 3.30",
        "passage": "मयि सर्वाणि कर्माणि संन्यस्याध्यात्मचेतसा। निराशीर्निर्ममो भूत्वा युध्यस्व विगतज्वरः॥",
        "translation": "सभी कर्मों को मुझ में अर्पित करते हुए, आत्मा की चेतना में स्थित होकर, आशारहित और ममता रहित होकर, युद्घ करो और शोक से मुक्त हो जाओ।",
        "explanation": "कृष्ण अर्जुन से कहते हैं कि उसे अपने सभी कर्म भगवान को अर्पित करके बिना किसी आसक्ति और ममता के युद्ध करना चाहिए। इस प्रकार, वह सभी चिंताओं से मुक्त होकर अपने कर्तव्यों का पालन कर सकता है।"
    },
    {
        "chapterName": "कर्मयोग",
        "chapterNumber": 3,
        "name": "श्लोक 3.31",
        "passage": "ये मे मतमिदं नित्यमनुतिष्ठन्ति मानवाः। श्रद्धावन्तोऽनसूयन्तो मुच्यन्ते तेऽपि कर्मभिः॥",
        "translation": "जो मनुष्य मेरे इस मत का नित्य पालन करते हैं, श्रद्धावान और दोषरहित होकर, वे भी कर्मों के बंधन से मुक्त हो जाते हैं।",
        "explanation": "कृष्ण बताते हैं कि जो लोग उनकी शिक्षाओं का नित्य पालन करते हैं, वे कर्मों के बंधन से मुक्त हो जाते हैं। ऐसा करना तभी संभव है जब व्यक्ति श्रद्धा और समर्पण के साथ यह मार्ग अपनाता है।"
    },
    {
        "chapterName": "कर्मयोग",
        "chapterNumber": 3,
        "name": "श्लोक 3.32",
        "passage": "ये त्वेतदभ्यसूयन्तो नानुतिष्ठन्ति मे मतम्। सर्वज्ञानविमूढांस्तान्विद्धि नष्टानचेतसः॥",
        "translation": "जो लोग मेरे इस मत का पालन नहीं करते और इसे तुच्छ समझते हैं, वे सभी ज्ञान से वंचित होकर नष्ट हो जाते हैं।",
        "explanation": "कृष्ण चेतावनी देते हैं कि जो लोग उनकी शिक्षाओं का अनादर करते हैं और उनका पालन नहीं करते, वे भ्रमित रहते हैं और ज्ञान प्राप्त नहीं कर पाते, अंततः वे आत्म-विनाश की ओर बढ़ते हैं।"
    },
    {
        "chapterName": "कर्मयोग",
        "chapterNumber": 3,
        "name": "श्लोक 3.33",
        "passage": "सदृशं चेष्टते स्वस्याः प्रकृतेर्ज्ञानवानपि। प्रकृतिं यान्ति भूतानि निग्रहः किं करिष्यति॥",
        "translation": "ज्ञानवान व्यक्ति भी अपनी प्रकृति के अनुसार ही आचरण करता है। सभी प्राणी अपनी-अपनी प्रकृति का अनुसरण करते हैं, दमन करने से कुछ हासिल नहीं होता।",
        "explanation": "इस श्लोक में कृष्ण कहते हैं कि यहां तक कि ज्ञानवान व्यक्ति भी अपनी स्वाभाविक प्रकृति का अनुसरण करता है। इसलिए, किसी की स्वाभाविक प्रवृत्तियों को दमन करने से कुछ नहीं बदलेगा, बल्कि उन प्रवृत्तियों के अनुरूप कर्म करना ही उचित है।"
    },
    {
        "chapterName": "कर्मयोग",
        "chapterNumber": 3,
        "name": "श्लोक 3.34",
        "passage": "इन्द्रियस्येन्द्रियस्यार्थे रागद्वेषौ व्यवस्थितौ। तयोर्न वशमागच्छेत्तौ ह्यस्य परिपन्थिनौ॥",
        "translation": "इन्द्रिय और उसके विषयों के प्रति राग (आकर्षण) और द्वेष (घृणा) स्वाभाविक रूप से स्थित हैं। मनुष्य को उनके अधीन नहीं होना चाहिए क्योंकि ये दोनों ही उसके शत्रु हैं।",
        "explanation": "कृष्ण यह समझाते हैं कि इंद्रियों के विषयों के प्रति स्वाभाविक रूप से आकर्षण और घृणा होती है। लेकिन, मनुष्य को इन भावनाओं के अधीन नहीं होना चाहिए, क्योंकि ये भावनाएं उसके मार्ग में बाधा उत्पन्न करती हैं।"
    },
    {
        "chapterName": "कर्मयोग",
        "chapterNumber": 3,
        "name": "श्लोक 3.35",
        "passage": "श्रेष्ठं स्वधर्मो विगुणः परधर्मात्स्वनुष्ठितात्। स्वधर्मे निधनं श्रेयः परधर्मो भयावहः॥",
        "translation": "स्वधर्म भले ही दोषयुक्त हो, लेकिन परधर्म का पालन करने से बेहतर है। स्वधर्म में मरना भी कल्याणकारी है, जबकि परधर्म भयावह होता है।",
        "explanation": "कृष्ण अर्जुन से कहते हैं कि अपने कर्तव्यों का पालन करना, भले ही वह दोषयुक्त हो, दूसरे के कर्तव्यों का पालन करने से बेहतर है। स्वधर्म में निष्ठा ही मोक्ष की ओर ले जाती है, जबकि परधर्म विनाशकारी हो सकता है।"
    },
    {
        "chapterName": "कर्मयोग",
        "chapterNumber": 3,
        "name": "श्लोक 3.36",
        "passage": "अर्जुन उवाच। अथ केन प्रयुक्तोऽयं पापं चरति पूरुषः। अनिच्छन्नपि वार्ष्णेय बलादिव नियोजितः॥",
        "translation": "अर्जुन ने कहा: हे वार्ष्णेय, मनुष्य किसके द्वारा प्रेरित होकर पाप करता है, जैसे कि वह बलपूर्वक उससे करवाया जा रहा हो, भले ही वह ऐसा करना नहीं चाहता?",
        "explanation": "अर्जुन कृष्ण से पूछते हैं कि मनुष्य किस कारण से पाप करता है, भले ही वह ऐसा करना न चाहे, फिर भी उसे पाप की ओर खींचा जाता है। यह सवाल मानव व्यवहार की गहरी जिज्ञासा को प्रकट करता है।"
    },
    {
        "chapterName": "कर्मयोग",
        "chapterNumber": 3,
        "name": "श्लोक 3.37",
        "passage": "श्रीभगवानुवाच। काम एष क्रोध एष रजोगुणसमुद्भवः। महाशनो महापाप्मा विद्ध्येनमिह वैरिणम्॥",
        "translation": "भगवान ने कहा: यह काम और क्रोध हैं, जो रजोगुण से उत्पन्न होते हैं। यह अत्यंत भोगी और महान पापी है, इसे इस संसार में अपना शत्रु समझो।",
        "explanation": "कृष्ण बताते हैं कि मनुष्य को पाप की ओर काम (वासना) और क्रोध खींचते हैं, जो रजोगुण से उत्पन्न होते हैं। ये दोनों ही विनाशकारी हैं और इन्हें जीवन का सबसे बड़ा शत्रु माना जाना चाहिए।"
    },
    {
        "chapterName": "कर्मयोग",
        "chapterNumber": 3,
        "name": "श्लोक 3.38",
        "passage": "धूमेनाव्रियते वह्निर्यथादर्शो मलेन च। यथोल्बेनावृतो गर्भस्तथा तेनिदमावृतम्॥",
        "translation": "जैसे आग धुएं से, दर्पण धूल से, और गर्भ भ्रूण से ढंका रहता है, वैसे ही यह आत्मा काम से ढंकी रहती है।",
        "explanation": "कृष्ण यहाँ काम को आत्मा पर पड़ने वाली आवरण की तरह बताते हैं, जैसे आग धुएं से और दर्पण धूल से ढंक जाता है। यह काम आत्मा को अस्पष्ट कर देता है, जिससे व्यक्ति का ज्ञान और विवेक ढक जाता है।"
    },
    {
        "chapterName": "कर्मयोग",
        "chapterNumber": 3,
        "name": "श्लोक 3.39",
        "passage": "आवृतं ज्ञानमेतेन ज्ञानिनो नित्यवैरिणा। कामरूपेण कौन्तेय दुष्पूरेणानलेन च॥",
        "translation": "हे कौन्तेय, यह ज्ञान, इस नित्य शत्रु द्वारा ढका हुआ है, जो कामरूप में है और अग्नि के समान कभी संतुष्ट नहीं होता।",
        "explanation": "कृष्ण बताते हैं कि काम एक ऐसा दुश्मन है जो हमेशा मानव ज्ञान को ढककर रखता है और कभी भी पूरी तरह से तृप्त नहीं होता। यह हमेशा अधिक से अधिक की लालसा करता है और ज्ञान को धूमिल करता है।"
    },
    {
        "chapterName": "कर्मयोग",
        "chapterNumber": 3,
        "name": "श्लोक 3.40",
        "passage": "इन्द्रियाणि मनो बुद्धिरस्याधिष्ठानमुच्यते। एतैर्विमोहयत्येष ज्ञानमावृत्य देहिनम्॥",
        "translation": "इन्द्रियां, मन और बुद्धि को काम का निवास स्थान कहा जाता है। इनसे यह काम ज्ञान को ढककर जीवात्मा को भ्रमित करता है।",
        "explanation": "कृष्ण बताते हैं कि इन्द्रियां, मन और बुद्धि काम के मुख्य स्थान हैं। यह काम इन्हीं माध्यमों से मनुष्य के ज्ञान को ढकता है और उसे सांसारिक भ्रमों में फँसाता है।"
    },
    {
        "chapterName": "कर्मयोग",
        "chapterNumber": 3,
        "name": "श्लोक 3.41",
        "passage": "तस्मात्त्वमिन्द्रियाण्यादौ नियम्य भरतर्षभ। पाप्मानं प्रजहि ह्येनं ज्ञानविज्ञाननाशनम्॥",
        "translation": "इसलिए, हे भरतश्रेष्ठ, सबसे पहले इन्द्रियों को वश में कर, इस पाप को नष्ट कर जो ज्ञान और विज्ञान का विनाश करता है।",
        "explanation": "कृष्ण अर्जुन को निर्देश देते हैं कि वह सबसे पहले अपनी इन्द्रियों को नियंत्रित करे। ऐसा करने से वह काम और क्रोध के रूपी इस शत्रु से बच सकता है, जो ज्ञान और आत्मज्ञान को नष्ट कर देता है।"
    },
    {
        "chapterName": "कर्मयोग",
        "chapterNumber": 3,
        "name": "श्लोक 3.42",
        "passage": "इन्द्रियाणि पराण्याहुरिन्द्रियेभ्यः परं मनः। मनसस्तु परा बुद्धिर्यो बुद्धेः परतस्तु सः॥",
        "translation": "इन्द्रियों को श्रेष्ठ कहा जाता है, परन्तु मन उनसे श्रेष्ठ है। मन से भी बुद्धि श्रेष्ठ है, और बुद्धि से भी जो श्रेष्ठ है, वह आत्मा है।",
        "explanation": "कृष्ण इन्द्रियों, मन, और बुद्धि की तुलना करते हैं और बताते हैं कि आत्मा सबसे श्रेष्ठ है। आत्म-साक्षात्कार के लिए मन और बुद्धि को नियंत्रित करना आवश्यक है।"
    },
    {
        "chapterName": "कर्मयोग",
        "chapterNumber": 3,
        "name": "श्लोक 3.43",
        "passage": "एवं बुद्धेः परं बुद्ध्वा संस्तभ्यात्मानमात्मना। जहि शत्रुं महाबाहो कामरूपं दुरासदम्॥",
        "translation": "इस प्रकार बुद्धि से परे आत्मा को जानकर, आत्मा को आत्मनियंत्रण के द्वारा स्थिर करके, उस दुर्जय शत्रु, काम को जीत ले, हे महाबाहु।",
        "explanation": "कृष्ण कहते हैं कि आत्मज्ञान प्राप्त करके और आत्मा को नियंत्रित करके, अर्जुन को काम के रूपी शत्रु पर विजय प्राप्त करनी चाहिए। आत्मा को जानने और नियंत्रित करने से काम को हराया जा सकता है।"
    }
]