[
    {
        "chapterName": "श्रद्धात्रयविभागयोग",
        "chapterNumber": 17,
        "name": "श्लोक 17.1",
        "passage": "अर्जुन उवाच । ये शास्त्रविधिमुत्सृज्य यजन्ते श्रद्धयान्विताः । तेषां निष्ठा तु का कृष्ण सत्त्वमाहो रजस्तमः ।।",
        "translation": "अर्जुन ने कहा: हे कृष्ण! जो लोग शास्त्रों के नियमों को त्यागकर श्रद्धापूर्वक उपासना करते हैं, उनकी निष्ठा कैसी होती है? क्या वह सत्त्वगुण, रजोगुण या तमोगुण से प्रेरित होती है?",
        "explanation": "इस श्लोक में अर्जुन उन लोगों के बारे में पूछते हैं, जो शास्त्रों की विधियों का पालन नहीं करते, परंतु फिर भी श्रद्धा से यज्ञ करते हैं। अर्जुन जानना चाहते हैं कि ऐसी श्रद्धा किस प्रकार की होती है – सत्त्वगुण, रजोगुण या तमोगुण के अनुसार।"
    },
    {
        "chapterName": "श्रद्धात्रयविभागयोग",
        "chapterNumber": 17,
        "name": "श्लोक 17.2",
        "passage": "श्रीभगवानुवाच । त्रिविधा भवति श्रद्धा देहिनां सा स्वभावजा । सात्त्विकी राजसी चैव तामसी चेति तां शृणु ।।",
        "translation": "श्रीभगवान ने कहा: देहधारी प्राणियों की श्रद्धा तीन प्रकार की होती है - सत्त्वगुणी, रजोगुणी और तमोगुणी। अब मैं तुम्हें इसके बारे में विस्तार से बताता हूँ।",
        "explanation": "कृष्ण अर्जुन को बताते हैं कि सभी जीवों की श्रद्धा तीन गुणों से प्रेरित होती है: सत्त्व (पवित्रता), रजस् (आवेश) और तमस् (अज्ञानता)। यह उनकी स्वाभाविक प्रवृत्तियों पर निर्भर करती है।"
    },
    {
        "chapterName": "श्रद्धात्रयविभागयोग",
        "chapterNumber": 17,
        "name": "श्लोक 17.3",
        "passage": "सत्त्वानुरूपा सर्वस्य श्रद्धा भवति भारत । श्रद्धामयोऽयं पुरुषो यो यच्छ्रद्धः स एव सः ।।",
        "translation": "हे भारत! मनुष्य की श्रद्धा उसके स्वभाव के अनुसार होती है। हर व्यक्ति श्रद्धा से युक्त है, और जैसा उसकी श्रद्धा होती है, वैसा ही वह होता है।",
        "explanation": "कृष्ण बताते हैं कि व्यक्ति की श्रद्धा उसकी अंतर्निहित प्रवृत्तियों का परिणाम होती है। उसकी आस्था और विश्वास उसके स्वभाव के अनुरूप होते हैं, और यह व्यक्ति के व्यक्तित्व को परिभाषित करता है।"
    },
    {
        "chapterName": "श्रद्धात्रयविभागयोग",
        "chapterNumber": 17,
        "name": "श्लोक 17.4",
        "passage": "यजन्ते सात्त्विका देवान्यक्षरक्षांसि राजसाः । प्रेतान्भूतगणांश्चान्ये यजन्ते तामसा जनाः ।।",
        "translation": "सात्त्विक लोग देवताओं की पूजा करते हैं, राजसिक लोग यक्षों और राक्षसों की पूजा करते हैं, जबकि तामसिक लोग प्रेत और भूत-प्रेतों की पूजा करते हैं।",
        "explanation": "कृष्ण बताते हैं कि श्रद्धा के तीन प्रकार अलग-अलग उद्देश्यों और शक्तियों की पूजा की ओर ले जाते हैं: सात्त्विक लोग देवताओं की, राजसिक लोग राक्षसों की और तामसिक लोग प्रेतात्माओं की पूजा करते हैं। यह पूजा उनकी मानसिक स्थिति और प्रवृत्तियों के अनुसार होती है।"
    },
    {
        "chapterName": "श्रद्धात्रयविभागयोग",
        "chapterNumber": 17,
        "name": "श्लोक 17.5",
        "passage": "अशास्त्रविहितं घोरं तप्यन्ते ये तपो जनाः । दम्भाहङ्कारसंयुक्ताः कामरागबलान्विताः ।।",
        "translation": "जो लोग शास्त्रों द्वारा निर्दिष्ट न की गई कठोर तपस्या करते हैं, वे दम्भ और अहंकार से युक्त होते हैं और उनकी तपस्या कामनाओं और रागद्वेष से प्रेरित होती है।",
        "explanation": "कृष्ण उन लोगों की निंदा करते हैं, जो शास्त्रों के निर्देशों का पालन किए बिना, घोर और अनैतिक तपस्या करते हैं। ऐसी तपस्या केवल दिखावा और अहंकार से प्रेरित होती है, न कि आध्यात्मिक उद्देश्यों से।"
    },
    {
        "chapterName": "श्रद्धात्रयविभागयोग",
        "chapterNumber": 17,
        "name": "श्लोक 17.6",
        "passage": "कर्षयन्तः शरीरस्थं भूतग्राममचेतसः । मां चैवान्तःशरीरस्थं तान्विद्ध्यासुरनिश्चयान् ।।",
        "translation": "जो लोग अपने शरीर और उसमें स्थित प्राणियों को कष्ट देते हैं, और मुझको भी, जो इस शरीर में स्थित हूँ, समझ लो कि वे असुरिक निश्चय वाले हैं।",
        "explanation": "कृष्ण यहाँ स्पष्ट करते हैं कि जो व्यक्ति अपने शरीर और उसकी शक्तियों को कष्ट देते हैं, वे केवल स्वयं को नहीं, बल्कि भगवान को भी कष्ट देते हैं। ऐसे लोग असुरिक प्रकृति के होते हैं, जो धर्म से दूर रहते हैं।"
    },
    {
        "chapterName": "श्रद्धात्रयविभागयोग",
        "chapterNumber": 17,
        "name": "श्लोक 17.7",
        "passage": "आहारस्त्वपि सर्वस्य त्रिविधो भवति प्रियः । यज्ञस्तपस्तथा दानं तेषां भेदमिमं शृणु ।।",
        "translation": "आहार (भोजन), यज्ञ, तपस्या और दान सभी के तीन प्रकार होते हैं। अब मैं तुम्हें उनके भेदों के बारे में बताता हूँ।",
        "explanation": "कृष्ण इस श्लोक में बताते हैं कि आहार, यज्ञ, तप और दान भी तीन प्रकार के होते हैं, जो व्यक्ति के स्वभाव के आधार पर विभाजित होते हैं। अर्जुन को आगे उनके भेदों के बारे में जानकारी दी जाएगी।"
    },
    {
        "chapterName": "श्रद्धात्रयविभागयोग",
        "chapterNumber": 17,
        "name": "श्लोक 17.8",
        "passage": "आयुःसत्त्वबलारोग्यसुखप्रीतिविवर्धनाः । रस्याः स्निग्धाः स्थिरा हृद्याः आहाराः सात्त्विकप्रियाः ।।",
        "translation": "जो आहार आयु, सत्त्व, बल, आरोग्य, सुख और प्रीति को बढ़ाता है, जो स्वादिष्ट, पौष्टिक, स्थिर और हृदय को प्रिय होता है, वह सात्त्विक लोगों को प्रिय होता है।",
        "explanation": "सात्त्विक लोग ऐसे भोजन को पसंद करते हैं, जो न केवल स्वादिष्ट और पौष्टिक होता है, बल्कि शरीर और मन के लिए भी हितकारी होता है। यह भोजन शरीर और आत्मा दोनों के लिए शक्ति प्रदान करता है।"
    },
    {
        "chapterName": "श्रद्धात्रयविभागयोग",
        "chapterNumber": 17,
        "name": "श्लोक 17.9",
        "passage": "कट्वम्ललवणात्युष्णतीक्ष्णरूक्षविदाहिनः । आहारा राजसस्येष्टा दुःखशोकामयप्रदाः ।।",
        "translation": "जो भोजन कड़वा, खट्टा, नमकीन, अत्यधिक गर्म, तीखा, शुष्क और जलन पैदा करने वाला होता है, वह राजसिक लोगों को प्रिय होता है और वह दुःख, शोक और रोग उत्पन्न करता है।",
        "explanation": "राजसिक लोग ऐसे भोजन को पसंद करते हैं, जो स्वाद में तीखा और प्रभाव में तेज होता है। यह भोजन मन और शरीर में बेचैनी और रोग उत्पन्न करता है, क्योंकि यह संतुलित और पवित्र नहीं होता।"
    },
    {
        "chapterName": "श्रद्धात्रयविभागयोग",
        "chapterNumber": 17,
        "name": "श्लोक 17.10",
        "passage": "यातयामं गतरसं पूति पर्युषितं च यत् । उच्छिष्टमपि चामेध्यं भोजनं तामसप्रियम् ।।",
        "translation": "जो भोजन बासी, गंधयुक्त, सड़ चुका, बचे हुए अन्न से बना हुआ या अपवित्र होता है, वह तामसिक लोगों को प्रिय होता है।",
        "explanation": "तामसिक लोग ऐसा भोजन पसंद करते हैं, जो बासी, सड़ा हुआ या अपवित्र होता है। यह भोजन शरीर और मन के लिए हानिकारक होता है और आध्यात्मिक दृष्टिकोण से भी अहितकारी होता है।"
    },
    {
        "chapterName": "श्रद्धात्रयविभागयोग",
        "chapterNumber": 17,
        "name": "श्लोक 17.11",
        "passage": "अफलाकाङ्क्षिभिर्यज्ञो विधिदृष्टो य इज्यते । यष्टव्यमेवेति मनः समाधाय स सात्त्विकः ।।",
        "translation": "जो यज्ञ शास्त्रों के अनुसार बिना फल की आकांक्षा के किया जाता है और जिसे केवल कर्तव्य समझकर किया जाता है, वह सात्त्विक यज्ञ है।",
        "explanation": "कृष्ण बताते हैं कि सात्त्विक यज्ञ वह होता है जो फल की इच्छा के बिना, केवल कर्तव्य पालन के उद्देश्य से, शास्त्रों के नियमों के अनुसार किया जाता है। यह यज्ञ व्यक्ति के आत्मिक और नैतिक विकास का प्रतीक है।"
    },
    {
        "chapterName": "श्रद्धात्रयविभागयोग",
        "chapterNumber": 17,
        "name": "श्लोक 17.12",
        "passage": "अभिसन्धाय तु फलं दम्भार्थमपि चैव यत् । इज्यते भरतश्रेष्ठ तं यज्ञं विद्धि राजसम् ।।",
        "translation": "हे भरतश्रेष्ठ! जो यज्ञ फल की कामना से, या केवल दिखावे के लिए किया जाता है, उसे राजसिक यज्ञ जानो।",
        "explanation": "राजसिक यज्ञ वह होता है जो फल की कामना से या प्रतिष्ठा प्राप्ति के लिए किया जाता है। इसका मुख्य उद्देश्य व्यक्तिगत लाभ या दिखावा होता है, न कि आध्यात्मिक उन्नति।"
    },
    {
        "chapterName": "श्रद्धात्रयविभागयोग",
        "chapterNumber": 17,
        "name": "श्लोक 17.13",
        "passage": "विधिहीनमसृष्टान्नं मन्त्रहीनमदक्षिणम् । श्रद्धाविरहितं यज्ञं तामसं परिचक्षते ।।",
        "translation": "जो यज्ञ शास्त्रविधि के बिना, बिना अन्न वितरण के, बिना मंत्रों के, बिना दक्षिणा के और बिना श्रद्धा के किया जाता है, उसे तामसिक यज्ञ कहा जाता है।",
        "explanation": "तामसिक यज्ञ वह होता है जो शास्त्रों के निर्देशों की अवहेलना करके, बिना श्रद्धा या समर्पण के किया जाता है। इसमें आवश्यक तत्वों का अभाव होता है, और यह यज्ञ आध्यात्मिक उन्नति के लिए निरर्थक है।"
    },
    {
        "chapterName": "श्रद्धात्रयविभागयोग",
        "chapterNumber": 17,
        "name": "श्लोक 17.14",
        "passage": "देवद्विजगुरुप्राज्ञपूजनं शौचमार्जवम् । ब्रह्मचर्यमहिंसा च शारीरं तप उच्यते ।।",
        "translation": "देवता, ब्राह्मण, गुरु और ज्ञानी पुरुषों की पूजा, पवित्रता, सरलता, ब्रह्मचर्य और अहिंसा को शारीरिक तपस्या कहा जाता है।",
        "explanation": "शारीरिक तपस्या का अर्थ है, देवताओं, गुरुजनों और विद्वानों की पूजा करना, साथ ही शुद्धता, सत्यनिष्ठा, ब्रह्मचर्य और अहिंसा का पालन करना। यह शारीरिक रूप से संयमित जीवन का प्रतीक है।"
    },
    {
        "chapterName": "श्रद्धात्रयविभागयोग",
        "chapterNumber": 17,
        "name": "श्लोक 17.15",
        "passage": "अनुद्वेगकरं वाक्यं सत्यं प्रियहितं च यत् । स्वाध्यायाभ्यसनं चैव वाङ्मयं तप उच्यते ।।",
        "translation": "ऐसे वाक्य बोलना जो किसी को उद्वेग में न डालें, जो सत्य हों, प्रिय और हितकारी हों, और स्वाध्याय का अभ्यास करना वाणी की तपस्या कहलाता है।",
        "explanation": "वाणी की तपस्या का अर्थ है ऐसी भाषा का प्रयोग करना जो न केवल सत्य हो, बल्कि प्रिय और लाभकारी भी हो। इसके साथ-साथ स्वाध्याय यानी आत्मज्ञान का अध्ययन और उसका अभ्यास भी इसमें शामिल है।"
    },
    {
        "chapterName": "श्रद्धात्रयविभागयोग",
        "chapterNumber": 17,
        "name": "श्लोक 17.16",
        "passage": "मनःप्रसादः सौम्यत्वं मौनमात्मविनिग्रहः । भावसंशुद्धिरित्येतत्तपो मानसमुच्यते ।।",
        "translation": "मन की प्रसन्नता, सौम्यता, मौन, आत्मनियंत्रण और भावों की पवित्रता को मानसिक तपस्या कहा जाता है।",
        "explanation": "मानसिक तपस्या का अर्थ है मन की शांति बनाए रखना, विचारों में सौम्यता, मौन का अभ्यास, आत्मनियंत्रण और शुद्ध भावना से कार्य करना। यह मन का संयम और संतुलन बनाए रखने का प्रतीक है।"
    },
    {
        "chapterName": "श्रद्धात्रयविभागयोग",
        "chapterNumber": 17,
        "name": "श्लोक 17.17",
        "passage": "श्रद्धया परया तप्तं तपस्तत्त्रिविधं नरैः । अफलाकाङ्क्षिभिर्युक्तैः सात्त्विकं परिचक्षते ।।",
        "translation": "जो तपस्या तीनों प्रकार की श्रद्धा के साथ की जाती है, और जिसमें फल की कामना नहीं होती, उसे सात्त्विक तपस्या कहा जाता है।",
        "explanation": "सात्त्विक तपस्या वह होती है जो बिना किसी लाभ की आकांक्षा के, पूर्ण श्रद्धा और समर्पण के साथ की जाती है। इसका उद्देश्य आत्म-संयम और आध्यात्मिक उन्नति होता है।"
    },
    {
        "chapterName": "श्रद्धात्रयविभागयोग",
        "chapterNumber": 17,
        "name": "श्लोक 17.18",
        "passage": "सत्कारमानपूजार्थं तपो दम्भेन चैव यत् । क्रियते तदिह प्रोक्तं राजसं चलमध्रुवम् ।।",
        "translation": "जो तपस्या सम्मान, प्रतिष्ठा और पूजा के लिए की जाती है, उसे राजसिक कहा गया है। यह अस्थिर और क्षणिक फल देने वाली होती है।",
        "explanation": "राजसिक तपस्या वह होती है जो केवल मान-सम्मान, यश और प्रतिष्ठा प्राप्त करने के लिए की जाती है। यह तपस्या स्थायी नहीं होती और क्षणिक लाभ देती है। इसका मुख्य उद्देश्य बाहरी दिखावा होता है।"
    },
    {
        "chapterName": "श्रद्धात्रयविभागयोग",
        "chapterNumber": 17,
        "name": "श्लोक 17.19",
        "passage": "मूढग्राहेणात्मनो यत्पीडया क्रियते तपः । परस्योत्सादनार्थं वा तत्तामसमुदाहृतम् ।।",
        "translation": "जो तपस्या मूर्खतापूर्वक या स्वयं को कष्ट देकर की जाती है, या दूसरों को हानि पहुँचाने के उद्देश्य से की जाती है, उसे तामसिक तपस्या कहा गया है।",
        "explanation": "तामसिक तपस्या वह होती है जो अविवेकपूर्ण तरीके से की जाती है, जिसमें आत्म-पीड़ा या दूसरों को नुकसान पहुँचाने की प्रवृत्ति हो। यह आध्यात्मिक प्रगति के विपरीत होती है और इसका कोई सकारात्मक परिणाम नहीं होता।"
    },
    {
        "chapterName": "श्रद्धात्रयविभागयोग",
        "chapterNumber": 17,
        "name": "श्लोक 17.20",
        "passage": "दातव्यमिति यद्दानं दीयतेऽनुपकारिणे । देशे काले च पात्रे च तद्दानं सात्त्विकं स्मृतम् ॥",
        "translation": "जो दान इस विचार से दिया जाता है कि यह कर्तव्य है और किसी प्रतिफल की अपेक्षा नहीं की जाती, उसे सात्त्विक दान कहा गया है।",
        "explanation": "सात्त्विक दान वह है जो केवल कर्तव्य के रूप में, उचित समय और पात्र व्यक्ति को दिया जाता है। इसमें किसी तरह का स्वार्थ या प्रतिफल की कामना नहीं होती।"
    },
    {
        "chapterName": "श्रद्धात्रयविभागयोग",
        "chapterNumber": 17,
        "name": "श्लोक 17.21",
        "passage": "यत्तु प्रत्युपकारार्थं फलमुद्दिश्य वा पुनः । दीयते च परिक्लिष्टं तद्दानं राजसं स्मृतम् ॥",
        "translation": "जो दान किसी प्रतिफल या प्रत्युपकार की अपेक्षा से दिया जाता है, उसे राजसिक दान कहा जाता है।",
        "explanation": "राजसिक दान वह है जो प्रतिफल या प्रत्युपकार की अपेक्षा से दिया जाता है। इसमें स्वार्थ और दिखावा शामिल होता है।"
    },
    {
        "chapterName": "श्रद्धात्रयविभागयोग",
        "chapterNumber": 17,
        "name": "श्लोक 17.22",
        "passage": "अदेशकाले यद्दानमपात्रेभ्यश्च दीयते । असत्कृतमवज्ञातं तत्तामसमुदाहृतम् ॥",
        "translation": "जो दान अनुचित समय और अनुचित व्यक्ति को दिया जाता है, उसे तामसिक दान कहा गया है।",
        "explanation": "तामसिक दान वह होता है जो बिना उचित सम्मान और अवज्ञा से, अनुचित समय और अनुचित व्यक्ति को दिया जाता है। यह न केवल बेकार है, बल्कि इसे देने वाला खुद भी अहंकार से प्रेरित होता है।"
    },
    {
        "chapterName": "श्रद्धात्रयविभागयोग",
        "chapterNumber": 17,
        "name": "श्लोक 17.23",
        "passage": "ॐ तत्सदिति निर्देशो ब्रह्मणस्त्रिविधः स्मृतः । ब्राह्मणास्तेन वेदाश्च यज्ञाश्च विहिताः पुरा ॥",
        "translation": "ॐ तत् सत् – यह तीन प्रकार का नाम परम ब्रह्म का माना गया है। इस नाम से ब्राह्मण, वेद और यज्ञ की स्थापना की गई थी।",
        "explanation": "ॐ तत् सत्, यह तीन पवित्र शब्द ब्रह्मा, वेदों और यज्ञ की महिमा का प्रतीक हैं। इनसे हर प्रकार की धार्मिक और आध्यात्मिक गतिविधियों की शुरुआत की जाती है।"
    },
    {
        "chapterName": "श्रद्धात्रयविभागयोग",
        "chapterNumber": 17,
        "name": "श्लोक 17.24",
        "passage": "तस्मादोमित्युदाहृत्य यज्ञदानतपःक्रियाः । प्रवर्तन्ते विधानोक्ताः सततं ब्रह्मवादिनाम् ॥",
        "translation": "इसलिए 'ॐ' का उच्चारण कर, ब्रह्मवादियों द्वारा बताए गए नियमों के अनुसार यज्ञ, दान और तप अनुष्ठान होते हैं।",
        "explanation": "सभी यज्ञ, दान, और तप का प्रारंभ 'ॐ' से होता है। यह शब्द ब्रह्म के साथ संबंध स्थापित करता है और आत्मा को शुद्ध करने का एक माध्यम है।"
    },
    {
        "chapterName": "श्रद्धात्रयविभागयोग",
        "chapterNumber": 17,
        "name": "श्लोक 17.25",
        "passage": "तदित्यनभिसन्धाय फलं यज्ञतपःक्रियाः । दानक्रियाश्च विविधाः क्रियन्ते मोक्षकाङ्क्षिणः ॥",
        "translation": "जो लोग मोक्ष की इच्छा रखते हैं, वे फल की कामना किए बिना 'तत्' के नाम से यज्ञ, तप और दान करते हैं।",
        "explanation": "जो व्यक्ति मोक्ष की प्राप्ति के इच्छुक होते हैं, वे फल की आसक्ति से मुक्त होकर, निष्काम भाव से अपने धार्मिक कर्तव्यों का पालन करते हैं।"
    },
    {
        "chapterName": "श्रद्धात्रयविभागयोग",
        "chapterNumber": 17,
        "name": "श्लोक 17.26",
        "passage": "सद्भावे साधुभावे च सदित्येतत्प्रयुज्यते । प्रशस्ते कर्मणि तथा सच्छब्दः पार्थ युज्यते ॥",
        "translation": "'सत्' का प्रयोग शुभ और श्रेष्ठ कर्मों में होता है, और यह शब्द उत्तम कर्मों में प्रयुक्त होता है।",
        "explanation": "'सत्' शब्द का उपयोग हर उस कार्य के लिए किया जाता है जो सच्चाई, अच्छाई, और कर्तव्यनिष्ठा से जुड़ा हुआ है। यह शब्द धर्म और शुद्धता का प्रतिनिधित्व करता है।"
    },
    {
        "chapterName": "श्रद्धात्रयविभागयोग",
        "chapterNumber": 17,
        "name": "श्लोक 17.27",
        "passage": "यज्ञे तपसि दाने च स्थितिः सदिति चोच्यते । कर्म चैव तदर्थीयं सदित्येवाभिधीयते ॥",
        "translation": "यज्ञ, तप और दान में स्थिरता को 'सत्' कहा जाता है, और जो कार्य परम सत्य के लिए किया जाता है उसे भी 'सत्' कहा जाता है।",
        "explanation": "'सत्' शब्द उन कार्यों में भी प्रयुक्त होता है जो धार्मिक और शुद्ध होते हैं। यह शब्द समर्पण और सच्चाई का प्रतीक है, जो यज्ञ, तप, और दान के दौरान स्थिरता बनाए रखने में मदद करता है।"
    },
    {
        "chapterName": "श्रद्धात्रयविभागयोग",
        "chapterNumber": 17,
        "name": "श्लोक 17.28",
        "passage": "अश्रद्धया हुतं दत्तं तपस्तप्तं कृतं च यत् । असदित्युच्यते पार्थ न च तत्प्रेत्य नो इह ॥",
        "translation": "हे पार्थ, जो कार्य श्रद्धा के बिना किया जाता है, वह 'असत्' कहा जाता है। न तो इसका फल मृत्यु के बाद प्राप्त होता है, न ही इस संसार में।",
        "explanation": "जो यज्ञ, दान, तप श्रद्धा के बिना किए जाते हैं, वे व्यर्थ होते हैं। उन्हें न तो इस लोक में और न परलोक में कोई परिणाम मिलता है। यह कार्य केवल दिखावे और अहंकार का प्रतीक होते हैं।"
    }
]