[
    {
        "chapterName": "ज्ञानकर्मसंन्यासयोग",
        "chapterNumber": 4,
        "name": "श्लोक 4.1",
        "passage": "श्रीभगवानुवाच | इमं विवस्वते योगं प्रोक्तवानहमव्ययम् | विवस्वान्मनवे प्राह मनुरिक्ष्वाकवेऽब्रवीत् ||",
        "translation": "भगवान श्रीकृष्ण ने कहा: मैंने इस अविनाशी योग को पहले सूर्यदेव विवस्वान को सिखाया था। विवस्वान ने इसे मनु को बताया, और मनु ने इसे इक्ष्वाकु को सिखाया।",
        "explanation": "कृष्ण अर्जुन को बताते हैं कि यह ज्ञान कोई नया नहीं है। यह ज्ञान आदिकाल से चला आ रहा है और इसे सूर्यदेव विवस्वान, मनु, और इक्ष्वाकु जैसे महान व्यक्तियों को सिखाया गया था।"
    },
    {
        "chapterName": "ज्ञानकर्मसंन्यासयोग",
        "chapterNumber": 4,
        "name": "श्लोक 4.2",
        "passage": "एवं परम्पराप्राप्तमिमं राजर्षयो विदुः | स कालेनेह महता योगो नष्टः परन्तप ||",
        "translation": "इस प्रकार परम्परा द्वारा प्राप्त इस योग को राजर्षियों ने जाना। परन्तु कालांतर में यह योग इस पृथ्वी पर नष्ट हो गया।",
        "explanation": "कृष्ण बताते हैं कि इस ज्ञान को परम्परा द्वारा राजर्षियों (राजा-मुनियों) ने प्राप्त किया था। लेकिन समय के साथ यह ज्ञान पृथ्वी पर लुप्त हो गया, और अब इसे पुनर्जीवित करने की आवश्यकता है।"
    },
    {
        "chapterName": "ज्ञानकर्मसंन्यासयोग",
        "chapterNumber": 4,
        "name": "श्लोक 4.3",
        "passage": "स एवायं मया तेऽद्य योगः प्रोक्तः पुरातनः | भक्तोऽसि मे सखा चेति रहस्यं ह्येतदुत्तमम् ||",
        "translation": "अब वही प्राचीन योग मैं तुम्हें बता रहा हूँ, क्योंकि तुम मेरे भक्त और मित्र हो, और यह महान रहस्य है।",
        "explanation": "कृष्ण कहते हैं कि वह अर्जुन को वही प्राचीन ज्ञान सिखा रहे हैं, क्योंकि अर्जुन उनका प्रिय मित्र और भक्त है। यह ज्ञान एक महान रहस्य है जिसे केवल एक सच्चे भक्त को दिया जाता है।"
    },
    {
        "chapterName": "ज्ञानकर्मसंन्यासयोग",
        "chapterNumber": 4,
        "name": "श्लोक 4.4",
        "passage": "अर्जुन उवाच | अपरं भवतो जन्म परं जन्म विवस्वतः | कथमेतद्विजानीयां त्वमादौ प्रोक्तवानिति ||",
        "translation": "अर्जुन ने कहा: आपका जन्म तो अभी हुआ है और विवस्वान का जन्म तो बहुत पहले हुआ था। फिर आपने उसे यह योग कैसे सिखाया?",
        "explanation": "अर्जुन इस श्लोक में प्रश्न करते हैं कि कृष्ण का जन्म तो अभी हुआ है, जबकि सूर्यदेव विवस्वान का जन्म बहुत पहले हुआ था। ऐसे में कृष्ण ने उन्हें यह योग कैसे सिखाया?"
    },
    {
        "chapterName": "ज्ञानकर्मसंन्यासयोग",
        "chapterNumber": 4,
        "name": "श्लोक 4.5",
        "passage": "श्रीभगवानुवाच | बहूनि मे व्यतीतानि जन्मानि तव चार्जुन | तान्यहं वेद सर्वाणि न त्वं वेत्थ परन्तप ||",
        "translation": "भगवान श्रीकृष्ण ने कहा: अर्जुन, तुम्हारे और मेरे कई जन्म हो चुके हैं। मैं उन सभी को जानता हूँ, लेकिन तुम उन्हें नहीं जानते।",
        "explanation": "कृष्ण अर्जुन को समझाते हैं कि वे दोनों ने कई बार जन्म लिया है, लेकिन जहाँ कृष्ण उन सभी जन्मों को याद रखते हैं, वहीं अर्जुन को अपने पिछले जन्मों की स्मृति नहीं है।"
    },
    {
        "chapterName": "ज्ञानकर्मसंन्यासयोग",
        "chapterNumber": 4,
        "name": "श्लोक 4.6",
        "passage": "अजोऽपि सन्नव्ययात्मा भूतानामीश्वरोऽपि सन् | प्रकृतिं स्वामधिष्ठाय सम्भवाम्यात्ममायया ||",
        "translation": "हालांकि मैं अजन्मा और अविनाशी हूँ, और सभी प्राणियों का स्वामी हूँ, फिर भी मैं अपनी प्रकृति के अधीन होकर अपनी माया से अवतरित होता हूँ।",
        "explanation": "कृष्ण कहते हैं कि वे अजन्मा और अविनाशी होते हुए भी अपनी माया (दिव्य शक्ति) के माध्यम से जब-जब संसार में आवश्यकता होती है, तब-तब अवतरित होते हैं।"
    },
    {
        "chapterName": "ज्ञानकर्मसंन्यासयोग",
        "chapterNumber": 4,
        "name": "श्लोक 4.7",
        "passage": "यदा यदा हि धर्मस्य ग्लानिर्भवति भारत | अभ्युत्थानमधर्मस्य तदात्मानं सृजाम्यहम् ||",
        "translation": "हे भारत! जब-जब धर्म की हानि और अधर्म की वृद्धि होती है, तब-तब मैं अवतार धारण करता हूँ।",
        "explanation": "कृष्ण स्पष्ट करते हैं कि जब भी संसार में धर्म की हानि होती है और अधर्म का विस्तार होता है, वे संसार में धर्म की स्थापना के लिए अवतार लेते हैं।"
    },
    {
        "chapterName": "ज्ञानकर्मसंन्यासयोग",
        "chapterNumber": 4,
        "name": "श्लोक 4.8",
        "passage": "परित्राणाय साधूनां विनाशाय च दुष्कृताम् | धर्मसंस्थापनार्थाय सम्भवामि युगे युगे ||",
        "translation": "साधुओं की रक्षा, दुष्टों के विनाश और धर्म की स्थापना के लिए मैं प्रत्येक युग में अवतरित होता हूँ।",
        "explanation": "कृष्ण बताते हैं कि वे सज्जनों की रक्षा, दुष्टों के विनाश और धर्म की पुनः स्थापना के लिए समय-समय पर अवतार लेते हैं। यह दिव्य कार्य प्रत्येक युग में होता है।"
    },
    {
        "chapterName": "ज्ञानकर्मसंन्यासयोग",
        "chapterNumber": 4,
        "name": "श्लोक 4.9",
        "passage": "जन्म कर्म च मे दिव्यमेवं यो वेत्ति तत्त्वतः | त्यक्त्वा देहं पुनर्जन्म नैति मामेति सोऽर्जुन ||",
        "translation": "जो मेरे दिव्य जन्म और कर्मों को तत्वतः जानता है, वह शरीर त्यागने के बाद पुनर्जन्म नहीं लेता और मुझमें लीन हो जाता है।",
        "explanation": "कृष्ण बताते हैं कि जो व्यक्ति उनके जन्म और कार्यों की दिव्यता को समझता है, वह मृत्यु के बाद पुनर्जन्म के चक्र से मुक्त हो जाता है और मोक्ष प्राप्त करता है।"
    },
    {
        "chapterName": "ज्ञानकर्मसंन्यासयोग",
        "chapterNumber": 4,
        "name": "श्लोक 4.10",
        "passage": "वीतरागभयक्रोधा मन्मया मामुपाश्रिताः | बहवो ज्ञानतपसा पूता मद्भावमागताः ||",
        "translation": "जो लोग राग, भय और क्रोध से मुक्त होकर मुझमें लीन हो गए हैं और ज्ञान से शुद्ध हो गए हैं, वे सभी मेरे स्वरूप को प्राप्त हो चुके हैं।",
        "explanation": "कृष्ण कहते हैं कि जो लोग मोह, भय और क्रोध से मुक्त होकर ज्ञान से शुद्ध हो गए हैं, वे सभी मेरी भक्ति और मेरे स्वरूप में लीन हो जाते हैं।"
    },
    {
        "chapterName": "ज्ञानकर्मसंन्यासयोग",
        "chapterNumber": 4,
        "name": "श्लोक 4.11",
        "passage": "ये यथा मां प्रपद्यन्ते तांस्तथैव भजाम्यहम् | मम वर्त्मानुवर्तन्ते मनुष्याः पार्थ सर्वशः ||",
        "translation": "हे पार्थ! जैसे लोग मेरी शरण में आते हैं, मैं वैसे ही उन्हें आशीर्वाद देता हूँ। मनुष्य हर प्रकार से मेरे मार्ग का अनुसरण करते हैं।",
        "explanation": "कृष्ण बताते हैं कि लोग जैसे-जैसे उनकी शरण में आते हैं, वे उन्हें वैसे ही अनुग्रहित करते हैं। हर मनुष्य किसी न किसी रूप में उनकी ओर आकर्षित होता है।"
    },
    {
        "chapterName": "ज्ञानकर्मसंन्यासयोग",
        "chapterNumber": 4,
        "name": "श्लोक 4.12",
        "passage": "काङ्क्षन्तः कर्मणां सिद्धिं यजन्त इह देवताः | क्षिप्रं हि मानुषे लोके सिद्धिर्भवति कर्मजा ||",
        "translation": "जो लोग कर्मों की सिद्धि चाहते हैं, वे देवताओं की पूजा करते हैं, क्योंकि कर्मों से प्राप्त सिद्धि मानव समाज में शीघ्र प्राप्त होती है।",
        "explanation": "कृष्ण बताते हैं कि जो लोग कर्मों के फल की सिद्धि चाहते हैं, वे देवताओं की पूजा करते हैं, क्योंकि कर्म से प्राप्त सिद्धि मानव समाज में जल्दी प्राप्त होती है।"
    },
    {
        "chapterName": "ज्ञानकर्मसंन्यासयोग",
        "chapterNumber": 4,
        "name": "श्लोक 4.13",
        "passage": "चातुर्वर्ण्यं मया सृष्टं गुणकर्मविभागशः | तस्य कर्तारमपि मां विद्ध्यकर्तारमव्ययम् ||",
        "translation": "चातुर्वर्ण्य (चार वर्ण) को मैंने गुण और कर्मों के आधार पर बनाया है। यद्यपि मैं इसका कर्ता हूँ, फिर भी मैं इस सृष्टि का अकर्ता और अविनाशी हूँ।",
        "explanation": "कृष्ण कहते हैं कि चार वर्ण (ब्राह्मण, क्षत्रिय, वैश्य, शूद्र) उन्होंने गुण और कर्मों के अनुसार बनाए हैं। हालांकि वे इस सृष्टि का निर्माणकर्ता हैं, फिर भी वे स्वयं इन कर्मों में लिप्त नहीं हैं।"
    },
    {
        "chapterName": "ज्ञानकर्मसंन्यासयोग",
        "chapterNumber": 4,
        "name": "श्लोक 4.14",
        "passage": "न मां कर्माणि लिम्पन्ति न मे कर्मफले स्पृहा | इति मां योऽभिजानाति कर्मभिर्न स बध्यते ||",
        "translation": "कर्म मुझे स्पर्श नहीं करते और न ही मुझे कर्मों के फल की इच्छा है। जो मुझे इस प्रकार जानता है, वह कर्मों से बंधता नहीं है।",
        "explanation": "कृष्ण कहते हैं कि वे कर्मों से प्रभावित नहीं होते और उन्हें किसी भी कर्म के फल की इच्छा नहीं है। जो उन्हें इस रूप में जानता है, वह कर्म के बंधन से मुक्त हो जाता है।"
    },
    {
        "chapterName": "ज्ञानकर्मसंन्यासयोग",
        "chapterNumber": 4,
        "name": "श्लोक 4.15",
        "passage": "एवं ज्ञात्वा कृतं कर्म पूर्वैरपि मुमुक्षुभिः | कुरु कर्मैव तस्मात्त्वं पूर्वैः पूर्वतरं कृतम् ||",
        "translation": "पूर्वकाल में मुमुक्षु (मुक्ति चाहने वाले) जनों ने भी इस ज्ञान को समझकर कर्म किया। इसलिए, तुम भी उन पूर्वजों के समान कर्म करो।",
        "explanation": "कृष्ण अर्जुन को समझाते हैं कि मुक्ति चाहने वाले ज्ञानी पुरुषों ने भी इस सत्य को समझकर कर्म किया था, और इसलिए अर्जुन को भी उनके उदाहरण का पालन करना चाहिए।"
    },
    {
        "chapterName": "ज्ञानकर्मसंन्यासयोग",
        "chapterNumber": 4,
        "name": "श्लोक 4.16",
        "passage": "किं कर्म किमकर्मेति कवयोऽप्यत्र मोहिताः | तत्ते कर्म प्रवक्ष्यामि यज्ज्ञात्वा मोक्ष्यसेऽशुभात् ||",
        "translation": "कर्म क्या है और अकर्म क्या है, इस पर विद्वान भी भ्रमित होते हैं। मैं तुम्हें कर्म का ऐसा ज्ञान दूँगा जिसे जानकर तुम अशुभ से मुक्त हो जाओगे।",
        "explanation": "कृष्ण बताते हैं कि कर्म और अकर्म की गूढ़ता को समझना कठिन है, यहाँ तक कि विद्वान भी इस पर भ्रमित होते हैं। वे अर्जुन को इस ज्ञान का बोध कराएंगे जिससे उसे मुक्ति मिलेगी।"
    },
    {
        "chapterName": "ज्ञानकर्मसंन्यासयोग",
        "chapterNumber": 4,
        "name": "श्लोक 4.17",
        "passage": "कर्मणो ह्यपि बोद्धव्यं बोद्धव्यं च विकर्मणः | अकर्मणश्च बोद्धव्यं गहना कर्मणो गतिः ||",
        "translation": "कर्म को जानना आवश्यक है, विकर्म (विपरीत कर्म) को भी समझना चाहिए, और अकर्म को भी जानना चाहिए। कर्म का मार्ग अत्यंत गूढ़ है।",
        "explanation": "कृष्ण यह समझाते हैं कि केवल कर्म ही नहीं, बल्कि विकर्म और अकर्म को भी समझना चाहिए। कर्म का मार्ग अत्यंत जटिल और सूक्ष्म होता है, जिसे सही रूप से समझना अनिवार्य है।"
    },
    {
        "chapterName": "ज्ञानकर्मसंन्यासयोग",
        "chapterNumber": 4,
        "name": "श्लोक 4.18",
        "passage": "कर्मण्यकर्म यः पश्येदकर्मणि च कर्म यः | स बुद्धिमान्मनुष्येषु स युक्तः कृत्स्नकर्मकृत् ||",
        "translation": "जो व्यक्ति कर्म में अकर्म देखता है और अकर्म में कर्म देखता है, वही मनुष्यों में बुद्धिमान है और वह सभी प्रकार के कर्मों को करने वाला होता है।",
        "explanation": "कृष्ण बताते हैं कि जो व्यक्ति कर्म और अकर्म के वास्तविक भेद को समझता है, वही बुद्धिमान है। वह सभी कर्मों को करते हुए भी उनसे बंधा नहीं होता, और सही मायनों में ज्ञानवान होता है।"
    },
    {
        "chapterName": "ज्ञानकर्मसंन्यासयोग",
        "chapterNumber": 4,
        "name": "श्लोक 4.19",
        "passage": "यस्य सर्वे समारम्भाः कामसङ्कल्पवर्जिताः | ज्ञानाग्निदग्धकर्माणं तमाहुः पण्डितं बुधाः ||",
        "translation": "जिस व्यक्ति के सभी कार्य कामना और संकल्प से रहित हैं, और जिसका कर्म ज्ञान की अग्नि से जला हुआ है, उसे ज्ञानी कहा जाता है।",
        "explanation": "कृष्ण कहते हैं कि जिसे अपने कार्यों के प्रति कोई आसक्ति या इच्छाएं नहीं होतीं और जिसके कर्म ज्ञान की अग्नि में भस्म हो चुके हैं, वही वास्तविक ज्ञानी कहलाता है।"
    },
    {
        "chapterName": "ज्ञानकर्मसंन्यासयोग",
        "chapterNumber": 4,
        "name": "श्लोक 4.20",
        "passage": "त्यक्त्वा कर्मफलासङ्गं नित्यतृप्तो निराश्रयः | कर्मण्यभिप्रवृत्तोऽपि नैव किञ्चित्करोति सः ||",
        "translation": "जो कर्मफल की आसक्ति त्याग चुका है, सदैव संतुष्ट और आश्रयहीन है, वह कर्म करते हुए भी कुछ नहीं करता।",
        "explanation": "कृष्ण बताते हैं कि जो व्यक्ति कर्मों के फल की आसक्ति त्याग देता है, और सदैव संतुष्ट रहता है, वह कर्म करते हुए भी स्वयं को कर्म में बंधा हुआ नहीं मानता।"
    },
    {
        "chapterName": "ज्ञानकर्मसंन्यासयोग",
        "chapterNumber": 4,
        "name": "श्लोक 4.21",
        "passage": "निर्वाशीर्यतचित्तात्मा त्यक्तसर्वपरिग्रहः | शारीरं केवलं कर्म कुर्वन्नाप्नोति किल्बिषम् ||",
        "translation": "जो इच्छारहित, मन और आत्मा को नियंत्रित करने वाला है और जिसने सभी प्रकार के संग्रह का त्याग कर दिया है, वह केवल शरीर की आवश्यकता के लिए कर्म करता है और पाप में लिप्त नहीं होता।",
        "explanation": "कृष्ण यहाँ बताते हैं कि जो व्यक्ति इच्छारहित, संयमी और परिग्रह (संग्रह) से मुक्त होकर केवल शारीरिक कर्तव्यों का पालन करता है, उसे कोई पाप नहीं लगता।"
    },
    {
        "chapterName": "ज्ञानकर्मसंन्यासयोग",
        "chapterNumber": 4,
        "name": "श्लोक 4.22",
        "passage": "यदृच्छालाभसन्तुष्टो द्वन्द्वातीतो विमत्सरः | समः सिद्धावसिद्धौ च कृत्वापि न निबध्यते ||",
        "translation": "जो बिना किसी लालच के, जो प्राप्त हो उसे स्वीकार करता है, द्वन्द्व से परे है और मत्सर (ईर्ष्या) से मुक्त है, वह सफलता और असफलता में समान रहता है और कर्म करते हुए भी बंधन में नहीं पड़ता।",
        "explanation": "कृष्ण बताते हैं कि जो व्यक्ति किसी वस्तु की प्राप्ति के प्रति लालच नहीं रखता, द्वन्द्व से मुक्त है और सफलता-असफलता में समान भाव रखता है, वह कर्म करता हुआ भी कर्म के बंधन से मुक्त रहता है।"
    },
    {
        "chapterName": "ज्ञानकर्मसंन्यासयोग",
        "chapterNumber": 4,
        "name": "श्लोक 4.23",
        "passage": "गतसङ्गस्य मुक्तस्य ज्ञानावस्थितचेतसः | यज्ञायाचरतः कर्म समग्रं प्रविलीयते ||",
        "translation": "जिसका आसक्ति से संबंध समाप्त हो गया है, और जिसका मन ज्ञान में स्थिर है, उसके सभी कर्म यज्ञ के रूप में किए जाने के कारण विलीन हो जाते हैं।",
        "explanation": "कृष्ण कहते हैं कि जो व्यक्ति आसक्ति से मुक्त होकर केवल ज्ञान में स्थित है और अपने कर्मों को यज्ञ के रूप में करता है, उसके सारे कर्म निष्काम होते हैं और उसे कर्म का बंधन नहीं होता।"
    },
    {
        "chapterName": "ज्ञानकर्मसंन्यासयोग",
        "chapterNumber": 4,
        "name": "श्लोक 4.24",
        "passage": "ब्रह्मार्पणं ब्रह्म हविर्ब्रह्माग्नौ ब्रह्मणा हुतम् | ब्रह्मैव तेन गन्तव्यं ब्रह्मकर्मसमाधिना ||",
        "translation": "यज्ञ का अर्पण भी ब्रह्म है, हवन का पदार्थ भी ब्रह्म है, और ब्रह्मरूप अग्नि में ब्रह्म द्वारा अर्पित हवन भी ब्रह्म है। इस प्रकार कर्म के माध्यम से ब्रह्म को प्राप्त किया जाता है।",
        "explanation": "कृष्ण यहाँ कर्म को यज्ञ के रूप में बताते हैं जहाँ हर अंश ब्रह्मस्वरूप होता है। अर्पण, हवन का पदार्थ, अग्नि और हवन करने वाला सभी ब्रह्म हैं, और इस प्रकार कर्म से ब्रह्म को प्राप्त किया जा सकता है।"
    },
    {
        "chapterName": "ज्ञानकर्मसंन्यासयोग",
        "chapterNumber": 4,
        "name": "श्लोक 4.25",
        "passage": "दैवमेवापरे यज्ञं योगिनः पर्युपासते | ब्रह्माग्नावपरे यज्ञं यज्ञेनैवोपजुह्वति ||",
        "translation": "कुछ योगी देवताओं की पूजा में यज्ञ करते हैं, जबकि अन्य योगी ब्रह्मरूप अग्नि में आत्मयज्ञ द्वारा यज्ञ करते हैं।",
        "explanation": "इस श्लोक में कृष्ण विभिन्न प्रकार के यज्ञों का वर्णन करते हैं। कुछ लोग देवताओं की पूजा यज्ञ के रूप में करते हैं, जबकि अन्य लोग अपने आत्मज्ञान को बढ़ाने के लिए आंतरिक यज्ञ करते हैं।"
    },
    {
        "chapterName": "ज्ञानकर्मसंन्यासयोग",
        "chapterNumber": 4,
        "name": "श्लोक 4.26",
        "passage": "श्रोत्रादीनीन्द्रियाण्यन्ये संयमाग्निषु जुह्वति | शब्दादीन्विषयानन्य इन्द्रियाग्निषु जुह्वति ||",
        "translation": "कुछ लोग श्रवण आदि इंद्रियों को संयम के अग्नि में आहुति देते हैं, जबकि अन्य लोग शब्द आदि इंद्रिय विषयों को इंद्रियों की अग्नि में अर्पण करते हैं।",
        "explanation": "कृष्ण यहाँ बताते हैं कि कुछ लोग इंद्रियों का संयम करते हुए यज्ञ करते हैं, जबकि अन्य लोग इंद्रियों के विषयों को संयमित करते हुए यज्ञ करते हैं, जिससे आत्मा की शुद्धि होती है।"
    },
    {
        "chapterName": "ज्ञानकर्मसंन्यासयोग",
        "chapterNumber": 4,
        "name": "श्लोक 4.27",
        "passage": "सर्वाणीन्द्रियकर्माणि प्राणकर्माणि चापरे | आत्मसंयमयोगाग्नौ जुह्वति ज्ञानदीपिते ||",
        "translation": "कुछ लोग इंद्रियों और प्राणों की सभी गतिविधियों को आत्मसंयम के यज्ञ में अर्पित करते हैं, जो ज्ञान की अग्नि से प्रकाशित होता है।",
        "explanation": "कृष्ण समझाते हैं कि कुछ साधक इंद्रियों और प्राणों की सभी गतिविधियों को आत्मसंयम के यज्ञ में समर्पित करते हैं, जिससे उनका ज्ञान और आत्मबोध प्रकट होता है।"
    },
    {
        "chapterName": "ज्ञानकर्मसंन्यासयोग",
        "chapterNumber": 4,
        "name": "श्लोक 4.28",
        "passage": "द्रव्ययज्ञास्तपोयज्ञा योगयज्ञास्तथापरे | स्वाध्यायज्ञानयज्ञाश्च यतयः संशितव्रताः ||",
        "translation": "कुछ लोग द्रव्य (संपत्ति) का यज्ञ करते हैं, कुछ तपस्या का, कुछ योग का, और कुछ स्वाध्याय (अध्ययन) और ज्ञान का यज्ञ करते हैं। ये सब अपने संकल्पों में दृढ़ होते हैं।",
        "explanation": "कृष्ण विभिन्न प्रकार के यज्ञों की व्याख्या करते हैं, जिनमें द्रव्य (संपत्ति), तपस्या, योग, और स्वाध्याय और ज्ञान का यज्ञ शामिल हैं। ये यज्ञ साधक के आत्मसंयम और संकल्प शक्ति को बढ़ाते हैं।"
    },
    {
        "chapterName": "ज्ञानकर्मसंन्यासयोग",
        "chapterNumber": 4,
        "name": "श्लोक 4.29",
        "passage": "अपाने जुह्वति प्राणं प्राणेऽपानं तथापरे | प्राणापानगती रुद्ध्वा प्राणायामपरायणाः ||",
        "translation": "कुछ लोग प्राण को अपान में और अपान को प्राण में अर्पित करते हैं, इस प्रकार प्राण और अपान की गति को रोकते हैं और प्राणायाम में लीन रहते हैं।",
        "explanation": "कृष्ण प्राणायाम यज्ञ का वर्णन करते हैं, जिसमें साधक प्राण (जीवन शक्ति) और अपान (विचार शक्ति) के प्रवाह को नियंत्रित करके आत्मिक शांति और संतुलन प्राप्त करता है।"
    },
    {
        "chapterName": "ज्ञानकर्मसंन्यासयोग",
        "chapterNumber": 4,
        "name": "श्लोक 4.30",
        "passage": "अपरे नियताहाराः प्राणान्प्राणेषु जुह्वति | सर्वेऽप्येते यज्ञविदो यज्ञक्षपितकल्मषाः ||",
        "translation": "कुछ लोग नियमपूर्वक आहार करते हुए प्राणों को प्राणों में अर्पित करते हैं। ये सभी यज्ञ के ज्ञाता होते हैं और यज्ञ के द्वारा उनके पाप नष्ट हो जाते हैं।",
        "explanation": "कृष्ण यहाँ बताते हैं कि कुछ लोग अपने आहार को संयमित रखते हुए यज्ञ करते हैं, और इस प्रकार यज्ञ द्वारा अपने पापों का नाश करते हैं। ये साधक यज्ञ की वास्तविक विधियों के ज्ञाता होते हैं।"
    },
    {
        "chapterName": "ज्ञानकर्मसंन्यासयोग",
        "chapterNumber": 4,
        "name": "श्लोक 4.31",
        "passage": "यज्ञशिष्टामृतभुजो यान्ति ब्रह्म सनातनम् | नायं लोकोऽस्त्ययज्ञस्य कुतोऽन्यः कुरुसत्तम ||",
        "translation": "जो यज्ञ के अवशिष्ट अमृत को भोगते हैं, वे सनातन ब्रह्म को प्राप्त होते हैं। हे कुरुओं में श्रेष्ठ! बिना यज्ञ के इस लोक में कुछ नहीं है, फिर अन्य लोकों की तो बात ही क्या!",
        "explanation": "कृष्ण यह बताते हैं कि यज्ञ में भाग लेने वाले लोग यज्ञ के अमृत को ग्रहण करते हैं और ब्रह्म की प्राप्ति करते हैं। यज्ञ के बिना इस जीवन में कुछ भी संभव नहीं है, और दूसरे लोकों की तो बात ही अलग है।"
    },
    {
        "chapterName": "ज्ञानकर्मसंन्यासयोग",
        "chapterNumber": 4,
        "name": "श्लोक 4.32",
        "passage": "एवं बहुविधा यज्ञा वितता ब्रह्मणो मुखे | कर्मजान्विद्धि तान्सर्वानेवं ज्ञात्वा विमोक्ष्यसे ||",
        "translation": "इस प्रकार विभिन्न प्रकार के यज्ञ ब्रह्म के मुख से विस्तारित हुए हैं। जान लो कि ये सभी यज्ञ कर्म से उत्पन्न होते हैं। इस प्रकार जानकर तुम मुक्त हो जाओगे।",
        "explanation": "कृष्ण बताते हैं कि ये सभी यज्ञ ब्रह्म के मुख से प्रकट हुए हैं और कर्म से उत्पन्न होते हैं। जब अर्जुन इन यज्ञों के वास्तविक अर्थ को समझ लेगा, तो वह मोक्ष प्राप्त कर सकेगा।"
    },
    {
        "chapterName": "ज्ञानकर्मसंन्यासयोग",
        "chapterNumber": 4,
        "name": "श्लोक 4.33",
        "passage": "श्रेयान्द्रव्यमयाद्यज्ञाज्ज्ञानयज्ञः परन्तप | सर्वं कर्माखिलं पार्थ ज्ञाने परिसमाप्यते ||",
        "translation": "हे परन्तप! द्रव्य (संपत्ति) के यज्ञ से ज्ञान का यज्ञ श्रेष्ठ है, क्योंकि हे पार्थ! सभी कर्म ज्ञान में समर्पित होते हैं।",
        "explanation": "कृष्ण कहते हैं कि भौतिक यज्ञों से ज्ञान का यज्ञ श्रेष्ठ होता है, क्योंकि ज्ञान के माध्यम से सभी कर्म का अंत होता है। ज्ञान ही मोक्ष प्राप्ति का सर्वोत्तम मार्ग है।"
    },
    {
        "chapterName": "ज्ञानकर्मसंन्यासयोग",
        "chapterNumber": 4,
        "name": "श्लोक 4.34",
        "passage": "तद्विद्धि प्रणिपातेन परिप्रश्नेन सेवया | उपदेक्ष्यन्ति ते ज्ञानं ज्ञानिनस्तत्त्वदर्शिनः ||",
        "translation": "इस ज्ञान को समझो, विनम्रता और सेवा द्वारा, और प्रश्न पूछने से। तत्वदर्शी ज्ञानी तुम्हें यह ज्ञान प्रदान करेंगे।",
        "explanation": "कृष्ण अर्जुन को सलाह देते हैं कि वह विनम्रता और सेवा भाव से ज्ञानी व्यक्तियों के पास जाकर सही प्रश्न पूछे। तत्वदर्शी ज्ञानी उसे वास्तविक ज्ञान प्रदान करेंगे, जो आत्मबोध की ओर ले जाएगा।"
    },
    {
        "chapterName": "ज्ञानकर्मसंन्यासयोग",
        "chapterNumber": 4,
        "name": "श्लोक 4.35",
        "passage": "यज्ज्ञात्वा न पुनर्मोहमेवं यास्यसि पाण्डव | येन भूतान्यशेषेण द्रक्ष्यस्यात्मन्यथो मयि ||",
        "translation": "हे पाण्डव! जब तुम यह ज्ञान प्राप्त कर लोगे, तब तुम फिर कभी मोह में नहीं पड़ोगे, और इस ज्ञान के द्वारा तुम सभी प्राणियों को अपने आप में और फिर मुझमें देखोगे।",
        "explanation": "कृष्ण अर्जुन से कहते हैं कि इस ज्ञान को प्राप्त करने के बाद, वह फिर कभी मोहग्रस्त नहीं होगा। वह सभी प्राणियों को आत्मा के रूप में और अंततः परमात्मा में देख सकेगा। यह ज्ञान अर्जुन को सत्य की दृष्टि प्रदान करेगा।"
    },
    {
        "chapterName": "ज्ञानकर्मसंन्यासयोग",
        "chapterNumber": 4,
        "name": "श्लोक 4.36",
        "passage": "अपि चेदसि पापेभ्यः सर्वेभ्यः पापकृत्तमः | सर्वं ज्ञानप्लवेनैव वृजिनं सन्तरिष्यसि ||",
        "translation": "यदि तुम सबसे बड़े पापियों में से भी हो, तो भी तुम ज्ञान की नौका के द्वारा सभी पापों से पार हो जाओगे।",
        "explanation": "कृष्ण अर्जुन को आश्वासन देते हैं कि चाहे उसने कितना भी पाप किया हो, सही ज्ञान प्राप्त करने पर वह सभी पापों से मुक्त हो जाएगा। ज्ञान को यहां पाप से मुक्ति का साधन बताया गया है।"
    },
    {
        "chapterName": "ज्ञानकर्मसंन्यासयोग",
        "chapterNumber": 4,
        "name": "श्लोक 4.37",
        "passage": "यथैधांसि समिद्धोऽग्निर्भस्मसात्कुरुतेऽर्जुन | ज्ञानाग्निः सर्वकर्माणि भस्मसात्कुरुते तथा ||",
        "translation": "हे अर्जुन! जिस प्रकार प्रज्वलित अग्नि लकड़ियों को भस्म कर देती है, उसी प्रकार ज्ञान की अग्नि सभी कर्मों को भस्म कर देती है।",
        "explanation": "कृष्ण बताते हैं कि ज्ञान को अग्नि के रूप में समझा जाना चाहिए, जो सभी कर्मों को भस्म कर देता है, चाहे वे अच्छे हों या बुरे। यह ज्ञान आत्मा को कर्मों के बंधन से मुक्त कर देता है।"
    },
    {
        "chapterName": "ज्ञानकर्मसंन्यासयोग",
        "chapterNumber": 4,
        "name": "श्लोक 4.38",
        "passage": "न हि ज्ञानेन सदृशं पवित्रमिह विद्यते | तत्स्वयं योगसंसिद्धः कालेनात्मनि विन्दति ||",
        "translation": "इस संसार में ज्ञान के समान पवित्र कुछ भी नहीं है। वह व्यक्ति जो योग द्वारा सिद्ध हो जाता है, समय के साथ अपने भीतर इस ज्ञान को प्राप्त करता है।",
        "explanation": "कृष्ण कहते हैं कि ज्ञान से अधिक पवित्र कुछ नहीं है। एक योगी, जो अभ्यास द्वारा सिद्धि प्राप्त कर चुका होता है, समय के साथ अपने भीतर इस ज्ञान की अनुभूति करता है, जो उसे आत्मज्ञान की ओर ले जाता है।"
    },
    {
        "chapterName": "ज्ञानकर्मसंन्यासयोग",
        "chapterNumber": 4,
        "name": "श्लोक 4.39",
        "passage": "श्रद्धावाँल्लभते ज्ञानं तत्परः संयतेन्द्रियः | ज्ञानं लब्ध्वा परां शान्तिमचिरेणाधिगच्छति ||",
        "translation": "श्रद्धावान, इंद्रियों का संयम करने वाला और ज्ञान प्राप्ति के लिए समर्पित व्यक्ति ज्ञान प्राप्त करता है। ज्ञान प्राप्त करने के बाद, वह शीघ्र ही परम शांति को प्राप्त कर लेता है।",
        "explanation": "कृष्ण यहाँ ज्ञान प्राप्ति के लिए तीन आवश्यक गुण बताते हैं: श्रद्धा (आस्था), इंद्रियों पर संयम और ज्ञान प्राप्ति की तीव्र इच्छा। जो इन गुणों को धारण करता है, वह शीघ्र ही ज्ञान और उससे प्राप्त होने वाली शांति प्राप्त करता है।"
    },
    {
        "chapterName": "ज्ञानकर्मसंन्यासयोग",
        "chapterNumber": 4,
        "name": "श्लोक 4.40",
        "passage": "अज्ञश्चाश्रद्दधानश्च संशयात्मा विनश्यति | नायं लोकोऽस्ति न परो न सुखं संशयात्मनः ||",
        "translation": "जो व्यक्ति अज्ञानी है, जिसमें आस्था नहीं है और जिसका मन संशय से भरा हुआ है, वह नष्ट हो जाता है। न तो इस लोक में और न ही परलोक में ऐसा व्यक्ति सुख प्राप्त कर सकता है।",
        "explanation": "कृष्ण स्पष्ट करते हैं कि जो व्यक्ति न तो श्रद्धा रखता है और न ही ज्ञान प्राप्त करने का प्रयास करता है, वह जीवन में कभी सुखी नहीं हो सकता। संशयग्रस्त व्यक्ति का नाश निश्चित है, क्योंकि उसे न इस जीवन में और न ही परलोक में कोई शांति या संतोष प्राप्त होता है।"
    },
    {
        "chapterName": "ज्ञानकर्मसंन्यासयोग",
        "chapterNumber": 4,
        "name": "श्लोक 4.41",
        "passage": "योगसंन्यस्तकर्माणं ज्ञानसंछिन्नसंशयम् | आत्मवन्तं न कर्माणि निबध्नन्ति धनञ्जय ||",
        "translation": "हे धनञ्जय! जिसने योग द्वारा अपने कर्मों का त्याग कर दिया है, जिसने ज्ञान द्वारा अपने सभी संशयों को नष्ट कर दिया है, और जो आत्मज्ञानी है, उसे कर्म बंधन में नहीं डालते।",
        "explanation": "कृष्ण कहते हैं कि जो व्यक्ति आत्मज्ञान प्राप्त कर चुका है और योग द्वारा अपने कर्मों का त्याग कर चुका है, उसे कर्मों का कोई बंधन नहीं होता। वह जीवन के चक्र से मुक्त हो जाता है, और उसे कोई भी कर्म प्रभावित नहीं करता।"
    },
    {
        "chapterName": "ज्ञानकर्मसंन्यासयोग",
        "chapterNumber": 4,
        "name": "श्लोक 4.42",
        "passage": "तस्मादज्ञानसम्भूतं हृत्स्थं ज्ञानासिनात्मनः | छित्त्वैनं संशयं योगमातिष्ठोत्तिष्ठ भारत ||",
        "translation": "इसलिए, हे भारत! अपने हृदय में स्थित अज्ञान से उत्पन्न इस संशय को ज्ञान की तलवार से काट दो और योग का आश्रय लेकर उठ खड़े हो।",
        "explanation": "कृष्ण अर्जुन को अंतिम निर्देश देते हैं कि वह अपने हृदय में बसे अज्ञान से उत्पन्न संशय को ज्ञान की तलवार से नष्ट कर दे और योग का सहारा लेकर युद्ध में अपने कर्तव्य का पालन करे। यह श्लोक अर्जुन को जीवन के वास्तविक उद्देश्य की ओर जागरूक होने का आह्वान करता है।"
    }
]