[
    {
        "chapterName": "सांख्ययोग",
        "chapterNumber": 2,
        "name": "श्लोक 2.1",
        "passage": "सञ्जय उवाच । तं तथा कृपयाविष्टमश्रुपूर्णाकुलेक्षणम् । विषीदन्तमिदं वाक्यमुवाच मधुसूदनः ।।",
        "translation": "संजय ने कहा: करुणा से अभिभूत और आँसुओं से भरी आँखों वाले अर्जुन को देखकर मधुसूदन (कृष्ण) ने यह वचन कहा।",
        "explanation": "इस श्लोक में संजय वर्णन कर रहे हैं कि अर्जुन के मन में गहरी करुणा और दुःख ने उसे इस कदर प्रभावित किया कि उसकी आँखें आँसुओं से भर आईं। उसे युद्ध का विचार ही नहीं भा रहा था, इसलिए भगवान कृष्ण उसे संभालने और समझाने के लिए आगे बढ़ते हैं। यह श्लोक उस मानसिक स्थिति को दर्शाता है जब कोई व्यक्ति बड़ी जिम्मेदारी और चुनौतियों के समय कमजोर महसूस करता है।"
    },
    {
        "chapterName": "सांख्ययोग",
        "chapterNumber": 2,
        "name": "श्लोक 2.2",
        "passage": "श्रीभगवानुवाच । कुतस्त्वा कश्मलमिदं विषमे समुपस्थितम् । अनार्यजुष्टमस्वर्ग्यमकीर्तिकरमर्जुन ।।",
        "translation": "भगवान ने कहा: हे अर्जुन, इस कठिन समय में तुम्हें यह मोह कहाँ से आ गया? यह न तो महान योद्धाओं के लिए उचित है, न ही इससे स्वर्ग की प्राप्ति होती है, और न ही यह तुम्हारी प्रतिष्ठा में सहायक है।",
        "explanation": "भगवान कृष्ण अर्जुन से सवाल करते हैं कि इतनी विकट परिस्थिति में यह निराशा उसे कैसे आ गई। वह उसे समझाते हैं कि यह सोचना, लड़ाई से भागना या अपने कर्तव्यों से पीछे हटना न केवल योद्धा के लिए अनुचित है, बल्कि यह आत्मसम्मान और सम्मान को भी नुकसान पहुँचाता है। यह श्लोक अर्जुन के मानसिक भ्रम को तोड़ने का प्रारंभिक प्रयास है।"
    },
    {
        "chapterName": "सांख्ययोग",
        "chapterNumber": 2,
        "name": "श्लोक 2.3",
        "passage": "क्लैब्यं मा स्म गमः पार्थ नैतत्त्वय्युपपद्यते । क्षुद्रं हृदयदौर्बल्यं त्यक्त्वोत्तिष्ठ परन्तप ।।",
        "translation": "हे पार्थ, इस कायरता में मत पड़ो। यह तुम्हारे लिए उचित नहीं है। इस छोटे मनोबल को त्यागकर उठ खड़े हो, हे परंतप (दुश्मनों को पराजित करने वाले)।",
        "explanation": "कृष्ण अर्जुन को प्रेरित करते हैं कि वह इस समय जो मानसिक कमजोरी महसूस कर रहा है, उसे त्यागे और अपने कर्तव्य के लिए उठ खड़ा हो। वह उसे कायरता से बचने और उसके वास्तविक योद्धा स्वभाव को पुनः जागृत करने की सलाह देते हैं। यह श्लोक आत्मविश्वास, कर्तव्य और साहस का प्रतीक है, और जीवन में बड़ी चुनौतियों का सामना करने का संदेश देता है।"
    },
    {
        "chapterName": "सांख्ययोग",
        "chapterNumber": 2,
        "name": "श्लोक 2.4",
        "passage": "अर्जुन उवाच । कथं भीष्ममहं सङ्ख्ये द्रोणं च मधुसूदन । इषुभिः प्रतियोत्स्यामि पूजार्हावरिसूदन ।।",
        "translation": "अर्जुन ने कहा: हे मधुसूदन, मैं युद्ध में भीष्म और द्रोण जैसे पूजनीय गुरुओं के विरुद्ध तीर कैसे चला सकता हूँ? वे तो मेरी पूजा के पात्र हैं, हे अरिसूदन (शत्रुओं के संहारक)।",
        "explanation": "अर्जुन अब कृष्ण से पूछ रहे हैं कि वह अपने सम्माननीय गुरु और अपने परिवार के बड़े, जैसे भीष्म और द्रोणाचार्य, के खिलाफ युद्ध में तीर कैसे चला सकता है। वह इस संघर्ष में बहुत नैतिक और भावनात्मक उलझन महसूस करता है, क्योंकि उसके लिए यह केवल एक युद्ध नहीं है, बल्कि उसके प्रियजनों के विरुद्ध खड़ा होना है। यह श्लोक उस मानसिक और भावनात्मक संकट को दर्शाता है जिसे अर्जुन युद्ध से पहले महसूस कर रहा था।"
    },
    {
        "chapterName": "सांख्ययोग",
        "chapterNumber": 2,
        "name": "श्लोक 2.5",
        "passage": "गुरूनहत्वा हि महानुभावान् श्रेयो भोक्तुं भैक्ष्यमपीह लोके । हत्वार्थकामांस्तु गुरुनिहैव भुञ्जीय भोगान्रुधिरप्रदिग्धान् ।।",
        "translation": "गुरुओं को मारे बिना ही, इस संसार में भीख माँगकर जीवन यापन करना बेहतर है। यदि मैं उन्हें मारूँगा, तो उनके रक्त से सने हुए सुखों का उपभोग करने के बजाय, भिक्षा ही बेहतर होगी।",
        "explanation": "अर्जुन अब कहता है कि अपने गुरुओं को मारने के बाद जो भी भौतिक सुख प्राप्त होंगे, वे रक्त से सने होंगे और इसलिए उन्हें भिक्षा से भी बदतर मानता है। यह श्लोक उनके मन में नैतिक दुविधा और युद्ध की विकट परिस्थितियों से उत्पन्न गहरे आंतरिक संघर्ष को दिखाता है।"
    },
    {
        "chapterName": "सांख्ययोग",
        "chapterNumber": 2,
        "name": "श्लोक 2.6",
        "passage": "न चैतद्विद्मः कतरन्नो गरीयो यद्वा जयेम यदि वा नो जयेयुः । यानेव हत्वा न जिजीविषामस् तेऽवस्थिता: प्रमुखे धार्तराष्ट्राः ।।",
        "translation": "हम यह भी नहीं जानते कि हमारे लिए क्या बेहतर है — हमें जीतना या उन्हें जीतने देना। जिनके बिना हम जीना नहीं चाहते, वे ही हमारे सामने युद्धभूमि में खड़े हैं।",
        "explanation": "अर्जुन इस श्लोक में अपनी उलझन को और गहराई से प्रकट करता है। उसे समझ नहीं आता कि जीतने की इच्छा रखना सही है या हारना बेहतर होगा। उसके प्रियजन, जिनके बिना वह जीना नहीं चाहता, वे ही उसके विरोध में खड़े हैं। यह श्लोक अर्जुन के मानसिक और भावनात्मक संकट को दर्शाता है, जहाँ वह न तो युद्ध की जीत में खुशी देखता है, न ही हार में राहत।"
    },
    {
        "chapterName": "सांख्ययोग",
        "chapterNumber": 2,
        "name": "श्लोक 2.7",
        "passage": "कार्पण्यदोषोपहतस्वभावः पृच्छामि त्वां धर्मसम्मूढचेताः । यच्छ्रेयः स्यान्निश्चितं ब्रूहि तन्मे शिष्यस्तेऽहं शाधि मां त्वां प्रपन्नम् ।।",
        "translation": "मैं अपनी कायरता के दोष से अभिभूत हूँ और मेरा मन धर्म के प्रति भ्रमित हो गया है। मैं आपसे पूछता हूँ कि मेरे लिए क्या बेहतर है? मैं आपका शिष्य हूँ, मुझे निर्देश दें। मैं आपकी शरण में हूँ।",
        "explanation": "अर्जुन अपनी कमजोरी और मानसिक उलझन को स्वीकार करता है और भगवान कृष्ण से मार्गदर्शन मांगता है। यह श्लोक अर्जुन की विनम्रता और उसकी गुरुभक्ति को दर्शाता है, जहाँ वह अपनी दुविधा से निकलने के लिए एक शिक्षक से सच्चे ज्ञान की आशा करता है। यह वह क्षण है जब अर्जुन ने खुद को पूरी तरह से भगवान कृष्ण के शिष्य के रूप में समर्पित किया।"
    },
    {
        "chapterName": "सांख्ययोग",
        "chapterNumber": 2,
        "name": "श्लोक 2.8",
        "passage": "न हि प्रपश्यामि ममापनुद्याद्यच्छोकमुच्छोषणमिन्द्रियाणाम् । अवाप्य भूमावसपत्नमृद्धं राज्यं सुराणामपि चाधिपत्यम् ।।",
        "translation": "मैं ऐसा कुछ नहीं देखता जो मेरे इंद्रियों को सुख देने वाले इस शोक को दूर कर सके, भले ही मुझे पृथ्वी पर समृद्ध राज्य मिल जाए या स्वर्ग के देवताओं का राज्य।",
        "explanation": "अर्जुन कहता है कि उसे अपनी व्यथा से बाहर निकलने का कोई उपाय नजर नहीं आता। चाहे उसे यह पूरा पृथ्वी का राज्य मिल जाए या स्वर्ग का सर्वोच्च स्थान, फिर भी उसकी आत्मा की पीड़ा कम नहीं होगी। यह श्लोक उसके गहरे अवसाद और जीवन के प्रति निराशा को उजागर करता है।"
    },
    {
        "chapterName": "सांख्ययोग",
        "chapterNumber": 2,
        "name": "श्लोक 2.9",
        "passage": "सञ्जय उवाच एवमुक्त्वा हृषीकेशं गुडाकेशः परन्तप । न योत्स्य इति गोविन्दमुक्त्वा तूष्णीं बभूव ह ।।",
        "translation": "संजय ने कहा: इस प्रकार अर्जुन ने भगवान हृषीकेश से कहा कि वह युद्ध नहीं करेगा, और यह कहकर वह चुप हो गया।",
        "explanation": "इस श्लोक में, अर्जुन भगवान कृष्ण से कहता है कि वह युद्ध नहीं करेगा और मौन हो जाता है। यह क्षण अर्जुन की गहन मानसिक स्थिति और युद्ध से उसके पीछे हटने के निर्णय को दर्शाता है।"
    },
    {
        "chapterName": "सांख्ययोग",
        "chapterNumber": 2,
        "name": "श्लोक 2.10",
        "passage": "तमुवाच हृषीकेशः प्रहसन्निव भारत । सेनयोरुभयोर्मध्ये विषीदन्तमिदं वचः ।।",
        "translation": "हे भारत! हृषीकेश ने दोनों सेनाओं के मध्य खड़े हुए और शोकमग्न अर्जुन से हंसते हुए यह वचन कहा।",
        "explanation": "भगवान कृष्ण ने दोनों सेनाओं के बीच अर्जुन को हंसते हुए संबोधित किया, जो उनकी गहन करुणा और अर्जुन के भ्रम को दूर करने की उनकी क्षमता को दर्शाता है।"
    },
    {
        "chapterName": "सांख्ययोग",
        "chapterNumber": 2,
        "name": "श्लोक 2.11",
        "passage": "श्रीभगवानुवाच अशोच्यानन्वशोचस्त्वं प्रज्ञावादांश्च भाषसे । गतासूनगतासूंश्च नानुशोचन्ति पण्डिताः ।।",
        "translation": "श्रीभगवान ने कहा: तुम उन चीजों के लिए शोक कर रहे हो जिनके लिए शोक करना उचित नहीं है, फिर भी तुम ज्ञान की बातें कर रहे हो। ज्ञानी न तो जीवित प्राणियों के लिए शोक करते हैं, न ही मृतकों के लिए।",
        "explanation": "भगवान कृष्ण अर्जुन को बताते हैं कि उसकी चिंता और शोक अनुचित है, क्योंकि ज्ञानी व्यक्ति जन्म और मृत्यु को समान दृष्टि से देखते हैं।"
    },
    {
        "chapterName": "सांख्ययोग",
        "chapterNumber": 2,
        "name": "श्लोक 2.12",
        "passage": "न त्वेवाहं जातु नासं न त्वं नेमे जनाधिपाः । न चैव न भविष्यामः सर्वे वयमतः परम् ।।",
        "translation": "कभी ऐसा समय नहीं था जब मैं, तुम, या ये सभी राजकुमार अस्तित्व में नहीं थे, और न ही भविष्य में हम में से कोई कभी अस्तित्व में नहीं रहेगा।",
        "explanation": "कृष्ण अर्जुन को समझाते हैं कि आत्मा अमर है, और किसी का अस्तित्व समाप्त नहीं होता। जन्म और मृत्यु केवल भौतिक शरीर से संबंधित हैं, आत्मा शाश्वत है।"
    },
    {
        "chapterName": "सांख्ययोग",
        "chapterNumber": 2,
        "name": "श्लोक 2.13",
        "passage": "देहिनोऽस्मिन्यथा देहे कौमारं यौवनं जरा । तथा देहान्तरप्राप्तिर्धीरस्तत्र न मुह्यति ।।",
        "translation": "जैसे इस शरीर में आत्मा बाल्यावस्था, युवावस्था और वृद्धावस्था का अनुभव करती है, वैसे ही मृत्यु के बाद एक नया शरीर प्राप्त करती है। ज्ञानी व्यक्ति इस परिवर्तन से विचलित नहीं होते।",
        "explanation": "भगवान कृष्ण समझाते हैं कि आत्मा शरीर में उम्र के विभिन्न चरणों से गुजरती है और मृत्यु के बाद एक नए शरीर में प्रवेश करती है। इस प्रक्रिया को समझकर, व्यक्ति को दुखी नहीं होना चाहिए।"
    },
    {
        "chapterName": "सांख्ययोग",
        "chapterNumber": 2,
        "name": "श्लोक 2.14",
        "passage": "मात्रास्पर्शास्तु कौन्तेय शीतोष्णसुखदुःखदाः । आगमापायिनोऽनित्यास्तांस्तितिक्षस्व भारत ।।",
        "translation": "हे अर्जुन! इंद्रियों के संपर्क से उत्पन्न सुख और दुख क्षणिक होते हैं और आते-जाते रहते हैं। उन्हें सहन करो, क्योंकि वे स्थायी नहीं हैं।",
        "explanation": "कृष्ण अर्जुन को सिखाते हैं कि जीवन में सुख और दुख अस्थायी हैं, और जैसे-जैसे वे आते हैं, वैसे ही चले जाते हैं। ज्ञानी व्यक्ति इन भावनाओं से प्रभावित नहीं होता।"
    },
    {
        "chapterName": "सांख्ययोग",
        "chapterNumber": 2,
        "name": "श्लोक 2.15",
        "passage": "यं हि न व्यथयन्त्येते पुरुषं पुरुषर्षभ । समदुःखसुखं धीरं सोऽमृतत्वाय कल्पते ।।",
        "translation": "हे श्रेष्ठ पुरुष! जिसे सुख-दुःख प्रभावित नहीं करते, और जो धीरज से इनका सामना करता है, वही अमरता का पात्र होता है।",
        "explanation": "भगवान कृष्ण कहते हैं कि जो व्यक्ति सुख और दुख दोनों में समान रहता है, वही मोक्ष और अमरता के योग्य है। यह श्लोक आत्म-संयम और सहनशीलता का महत्व बताता है।"
    },
    {
        "chapterName": "सांख्ययोग",
        "chapterNumber": 2,
        "name": "श्लोक 2.16",
        "passage": "नासतो विद्यते भावो नाभावो विद्यते सतः । उभयोरपि दृष्टोऽन्तस्त्वनयोस्तत्त्वदर्शिभिः ।।",
        "translation": "असत्य का कोई अस्तित्व नहीं है, और सत्य का कभी नाश नहीं होता। सत्य के और असत्य के बीच का अंतर ज्ञानी व्यक्तियों ने देखा है।",
        "explanation": "इस श्लोक में, कृष्ण बताते हैं कि सत्य और असत्य का अस्तित्व भिन्न होता है। असत्य अस्थायी है, जबकि सत्य शाश्वत और अटल है। ज्ञानी व्यक्ति इस अंतर को पहचानता है।"
    },
    {
        "chapterName": "सांख्ययोग",
        "chapterNumber": 2,
        "name": "श्लोक 2.17",
        "passage": "अविनाशि तु तद्विद्धि येन सर्वमिदं ततम् । विनाशमव्ययस्यास्य न कश्चित्कर्तुमर्हति ।।",
        "translation": "जान लो कि वह आत्मा अविनाशी है, जिससे यह सम्पूर्ण जगत व्याप्त है। इस शाश्वत आत्मा का विनाश कोई नहीं कर सकता।",
        "explanation": "कृष्ण अर्जुन को आत्मा की शाश्वत प्रकृति का ज्ञान देते हैं। आत्मा अविनाशी और अजर-अमर है, और कोई भी इसे नष्ट नहीं कर सकता।"
    },
    {
        "chapterName": "सांख्ययोग",
        "chapterNumber": 2,
        "name": "श्लोक 2.18",
        "passage": "अन्तवन्त इमे देहा नित्यस्योक्ता: शरीरिण: । अनाशिनोऽप्रमेयस्य तस्माद्युध्यस्व भारत ।।",
        "translation": "इन शरीरों का अंत निश्चित है, लेकिन आत्मा नित्य, अविनाशी और अप्रमेय है। इसलिए, हे भारत, तुम युद्ध करो।",
        "explanation": "कृष्ण अर्जुन से कहते हैं कि शरीर नाशवान है, लेकिन आत्मा अमर और असीमित है। इस सत्य को जानकर, उसे अपने कर्तव्य का पालन करना चाहिए और युद्ध करना चाहिए।"
    },
    {
        "chapterName": "सांख्ययोग",
        "chapterNumber": 2,
        "name": "श्लोक 2.19",
        "passage": "य एनं वेत्ति हन्तारं यश्चैनं मन्यते हतम् । उभौ तौ न विजानीतो नायं हन्ति न हन्यते ।।",
        "translation": "जो यह सोचता है कि आत्मा मारता है, और जो यह समझता है कि आत्मा मारा जाता है, वे दोनों अज्ञानी हैं। आत्मा न तो मारता है और न ही मारा जाता है।",
        "explanation": "भगवान कृष्ण बताते हैं कि आत्मा अमर है और इसे किसी भी प्रकार से नष्ट नहीं किया जा सकता। युद्ध में मारने या मरने की सोच भौतिक शरीर तक सीमित है, आत्मा इससे परे है।"
    },
    {
        "chapterName": "सांख्ययोग",
        "chapterNumber": 2,
        "name": "श्लोक 2.20",
        "passage": "न जायते म्रियते वा कदाचिन् नायं भूत्वा भविता वा न भूयः । अजो नित्यः शाश्वतोऽयं पुराणो न हन्यते हन्यमाने शरीरे ।।",
        "translation": "आत्मा कभी जन्म नहीं लेता और न ही मरता है। यह अजन्मा, नित्य, शाश्वत और पुरातन है। शरीर के नष्ट होने पर भी आत्मा का नाश नहीं होता।",
        "explanation": "आत्मा के अमर होने का महत्व बताते हुए, भगवान कृष्ण कहते हैं कि आत्मा किसी भी प्रकार से नष्ट नहीं हो सकती। यह शाश्वत और सदा के लिए है, शरीर की मृत्यु इसका अंत नहीं है।"
    },
    {
        "chapterName": "सांख्ययोग",
        "chapterNumber": 2,
        "name": "श्लोक 2.21",
        "passage": "वेदाविनाशिनं नित्यं य एनमजमव्ययम् । कथं स पुरुषः पार्थ कं घातयति हन्ति कम् ।।",
        "translation": "जो यह जानता है कि आत्मा अविनाशी, अजन्मा, नित्य और अपरिवर्तनीय है, वह कैसे किसी को मार सकता है या मारा जा सकता है?",
        "explanation": "कृष्ण अर्जुन को बताते हैं कि जो व्यक्ति आत्मा की अमरता को समझता है, वह किसी को मारने या मरने का विचार नहीं कर सकता। यह समझ आत्मा की शाश्वत प्रकृति को जानने से आती है।"
    },
    {
        "chapterName": "सांख्ययोग",
        "chapterNumber": 2,
        "name": "श्लोक 2.22",
        "passage": "वासांसि जीर्णानि यथा विहाय नवानि गृह्णाति नरोऽपराणि । तथा शरीराणि विहाय जीर्णा न्यन्यानि संयाति नवानि देही ।।",
        "translation": "जैसे मनुष्य पुराने वस्त्रों को त्यागकर नए वस्त्र धारण करता है, वैसे ही आत्मा पुराने शरीर को त्यागकर नया शरीर धारण करती है।",
        "explanation": "भगवान कृष्ण आत्मा और शरीर के संबंध की व्याख्या करते हैं, यह समझाते हुए कि जैसे मनुष्य पुराने कपड़े बदलता है, वैसे ही आत्मा शरीर बदलती है। शरीर का नाश होना स्वाभाविक है, पर आत्मा शाश्वत है।"
    },
    {
        "chapterName": "सांख्ययोग",
        "chapterNumber": 2,
        "name": "श्लोक 2.23",
        "passage": "नैनं छिन्दन्ति शस्त्राणि नैनं दहति पावकः । न चैनं क्लेदयन्त्यापो न शोषयति मारुतः ।।",
        "translation": "आत्मा को शस्त्र काट नहीं सकते, अग्नि जला नहीं सकती, जल गीला नहीं कर सकता और वायु सुखा नहीं सकती।",
        "explanation": "इस श्लोक में, भगवान कृष्ण बताते हैं कि आत्मा नाश से परे है। यह कोई भौतिक तत्व नहीं है जिसे शस्त्र, अग्नि, जल या वायु प्रभावित कर सके। आत्मा अटल और अविनाशी है।"
    },
    {
        "chapterName": "सांख्ययोग",
        "chapterNumber": 2,
        "name": "श्लोक 2.24",
        "passage": "अच्छेद्योऽयमदाह्योऽयमक्लेद्योऽशोष्य एव च । नित्यः सर्वगतः स्थाणुरचलोऽयं सनातनः ।।",
        "translation": "यह आत्मा अविनाशी, अजर, अमर, और सर्वव्यापी है। यह स्थिर और अपरिवर्तनीय है।",
        "explanation": "कृष्ण अर्जुन को आत्मा की अनंतता और अपरिवर्तनीयता के बारे में बताते हैं। आत्मा कभी भी नष्ट नहीं हो सकती, और यह सर्वत्र व्याप्त है, इसलिए किसी भी स्थिति में इसे नष्ट नहीं किया जा सकता।"
    },
    {
        "chapterName": "सांख्ययोग",
        "chapterNumber": 2,
        "name": "श्लोक 2.25",
        "passage": "अव्यक्तोऽयमचिन्त्योऽयमविकार्योऽयमुच्यते । तस्मादेवं विदित्वैनं नानुशोचितुमर्हसि ।।",
        "translation": "यह आत्मा अव्यक्त, अचिंत्य और अविकार है। अतः इसे जानकर तुम्हें शोक नहीं करना चाहिए।",
        "explanation": "कृष्ण कहते हैं कि आत्मा दिखाई नहीं देती और उसे समझना कठिन है, लेकिन यह अपरिवर्तनीय है। अर्जुन को इस सत्य को जानकर अपने कर्तव्यों में आगे बढ़ना चाहिए और शोक नहीं करना चाहिए।"
    },
    {
        "chapterName": "सांख्ययोग",
        "chapterNumber": 2,
        "name": "श्लोक 2.26",
        "passage": "अथ चैनं नित्यजातं नित्यं वा मन्यसे मृतम् । तथापि त्वं महाबाहो नैनं शोचितुमर्हसि ।।",
        "translation": "अगर तुम मानते हो कि आत्मा का जन्म और मृत्यु बार-बार होता है, तो भी हे महाबाहु, तुम्हें शोक नहीं करना चाहिए।",
        "explanation": "भगवान कृष्ण तर्क करते हैं कि भले ही आत्मा के जन्म और मृत्यु को कोई वास्तविक माने, फिर भी किसी को शोक नहीं करना चाहिए, क्योंकि जीवन और मृत्यु इस प्रक्रिया का हिस्सा हैं।"
    },
    {
        "chapterName": "सांख्ययोग",
        "chapterNumber": 2,
        "name": "श्लोक 2.27",
        "passage": "जातस्य हि ध्रुवो मृत्युर्ध्रुवं जन्म मृतस्य च । तस्मादपरिहार्येऽर्थे न त्वं शोचितुमर्हसि ।।",
        "translation": "जो जन्मा है उसकी मृत्यु निश्चित है, और जो मरा है उसका जन्म भी निश्चित है। अतः जिस वस्तु को टाला नहीं जा सकता, उसके लिए तुम्हें शोक नहीं करना चाहिए।",
        "explanation": "कृष्ण अर्जुन को याद दिलाते हैं कि जन्म लेने वाले को मरना ही है, और मरने वाले का पुनर्जन्म होना निश्चित है। यह प्राकृतिक चक्र है, इसलिए इसे लेकर दुखी होना व्यर्थ है।"
    },
    {
        "chapterName": "सांख्ययोग",
        "chapterNumber": 2,
        "name": "श्लोक 2.28",
        "passage": "अव्यक्तादीनि भूतानि व्यक्तमध्यानि भारत । अव्यक्तनिधनान्येव तत्र का परिदेवना ।।",
        "translation": "हे भारत! सभी प्राणी अव्यक्त अवस्था से प्रकट होते हैं और फिर अव्यक्त में लीन हो जाते हैं। इसलिए तुम शोक क्यों करते हो?",
        "explanation": "भगवान कृष्ण अर्जुन को बताते हैं कि सभी जीव अव्यक्त (अदृश्य) से प्रकट होते हैं और फिर उसी अव्यक्त में लीन हो जाते हैं। इसलिए किसी के जन्म या मृत्यु पर दुखी होना व्यर्थ है।"
    },
    {
        "chapterName": "सांख्ययोग",
        "chapterNumber": 2,
        "name": "श्लोक 2.29",
        "passage": "आश्चर्यवत्पश्यति कश्चिदेनमाश्चर्यवद्वदति तथैव चान्यः । आश्चर्यवच्चैनमन्यः श्रृणोति श्रुत्वाप्येनं वेद न चैव कश्चित् ॥",
        "translation": "कोई आत्मा को आश्चर्य की तरह देखता है, कोई इसे आश्चर्य की तरह सुनता है, और कोई इसे आश्चर्य की तरह वर्णन करता है, लेकिन कोई इसे वास्तव में समझ नहीं पाता।",
        "explanation": "कृष्ण बताते हैं कि आत्मा के बारे में सुनकर या देखकर भी इसे पूरी तरह समझ पाना बहुत कठिन है। यह एक ऐसा रहस्य है जिसे केवल गहरे आत्म-ज्ञान से ही जाना जा सकता है।"
    },
    {
        "chapterName": "सांख्ययोग",
        "chapterNumber": 2,
        "name": "श्लोक 2.30",
        "passage": "देही नित्यमवध्योऽयं देहे सर्वस्य भारत । तस्मात्सर्वाणि भूतानि न त्वं शोचितुमर्हसि ॥",
        "translation": "हे भारत! आत्मा सभी शरीरों में अविनाशी और अजेय है। अतः तुम्हें किसी भी प्राणी के लिए शोक नहीं करना चाहिए।",
        "explanation": "कृष्ण अर्जुन को बताते हैं कि आत्मा किसी भी शरीर में नाश से परे है, इसलिए किसी की मृत्यु या जीवन पर शोक करना निरर्थक है। हमें अपने कर्तव्यों पर ध्यान देना चाहिए।"
    },
    {
        "chapterName": "सांख्ययोग",
        "chapterNumber": 2,
        "name": "श्लोक 2.31",
        "passage": "स्वधर्ममपि चावेक्ष्य न विकम्पितुमर्हसि । धर्म्याद्धि युद्धाच्छ्रेयोऽन्यत्क्षत्रियस्य न विद्यते ॥",
        "translation": "अपने धर्म को देखते हुए, तुम्हें कर्तव्य से विचलित नहीं होना चाहिए। क्षत्रिय के लिए धर्म युद्ध से बढ़कर कुछ भी नहीं है।",
        "explanation": "कृष्ण अर्जुन को यह याद दिलाते हैं कि उनके लिए युद्ध करना उनका क्षत्रिय धर्म है। धर्म युद्ध में लड़ना ही सबसे बड़ा कर्तव्य है, और इसमें कोई संशय या भय नहीं होना चाहिए।"
    },
    {
        "chapterName": "सांख्ययोग",
        "chapterNumber": 2,
        "name": "श्लोक 2.32",
        "passage": "यदृच्छया चोपपन्नं स्वर्गद्वारमपावृतम् । सुखिनः क्षत्रियाः पार्थ लभन्ते युद्धमीदृशम् ॥",
        "translation": "हे पार्थ! जो क्षत्रिय इस प्रकार का युद्ध पाते हैं, उनके लिए यह स्वर्ग के द्वार खोलता है और वे धन्य होते हैं।",
        "explanation": "कृष्ण समझाते हैं कि यह युद्ध स्वर्ग के द्वार खोलने जैसा है। ऐसे अवसर को पाकर क्षत्रिय को गर्व होना चाहिए, क्योंकि यह उसके धर्म का पालन करने का सर्वोत्तम मौका है।"
    },
    {
        "chapterName": "सांख्ययोग",
        "chapterNumber": 2,
        "name": "श्लोक 2.33",
        "passage": "अथ चेत्त्वमिमं धर्म्यं संग्रामं न करिष्यसि । ततः स्वधर्मं कीर्तिं च हित्वा पापमवाप्स्यसि ॥",
        "translation": "यदि तुम इस धर्म युद्ध से विमुख हो जाओगे, तो तुम अपना धर्म और यश दोनों खो दोगे, और पाप का भागी बनोगे।",
        "explanation": "कृष्ण चेतावनी देते हैं कि यदि अर्जुन अपने धर्म को त्यागकर युद्ध से पीछे हटते हैं, तो न केवल वे अपने धर्म से विमुख होंगे, बल्कि उन्हें कलंक और पाप का सामना भी करना पड़ेगा।"
    },
    {
        "chapterName": "सांख्ययोग",
        "chapterNumber": 2,
        "name": "श्लोक 2.34",
        "passage": "अकीर्तिं चापि भूतानि कथयिष्यन्ति तेऽव्ययाम् । सम्भावितस्य चाकीर्तिर्मरणादतिरिच्यते ॥",
        "translation": "लोग तुम्हारी अविनाशी अपकीर्ति की चर्चा करेंगे, और सम्मानित व्यक्ति के लिए अपकीर्ति मृत्यु से भी बुरी होती है।",
        "explanation": "कृष्ण अर्जुन से कहते हैं कि अपमान और बदनामी, खासकर एक सम्मानित योद्धा के लिए, मृत्यु से भी अधिक दुखदायी है। लोग हमेशा उसकी कायरता की बात करेंगे।"
    },
    {
        "chapterName": "सांख्ययोग",
        "chapterNumber": 2,
        "name": "श्लोक 2.35",
        "passage": "भयाद्रणादुपरतं मंस्यन्ते त्वां महारथाः । येषां च त्वं बहुमतो भूत्वा यास्यसि लाघवम् ॥",
        "translation": "महान योद्धा यह सोचेंगे कि तुमने युद्ध से भयभीत होकर भाग लिया, और जो तुम्हें पहले सम्मानित करते थे, वे अब तुम्हें तुच्छ समझेंगे।",
        "explanation": "कृष्ण बताते हैं कि यदि अर्जुन युद्ध से पीछे हटते हैं, तो दूसरे योद्धा इसे डर के कारण समझेंगे और उनका सम्मान घट जाएगा, जिससे अर्जुन की प्रतिष्ठा धूमिल होगी।"
    },
    {
        "chapterName": "सांख्ययोग",
        "chapterNumber": 2,
        "name": "श्लोक 2.36",
        "passage": "अवाच्यवादांश्च बहून्वदिष्यन्ति तवाहिताः । निन्दन्तस्तव सामर्थ्यं ततो दुःखतरं नु किम् ॥",
        "translation": "तुम्हारे शत्रु तुम्हारे बारे में अपमानजनक बातें कहेंगे और तुम्हारे पराक्रम की निंदा करेंगे। इससे अधिक दुखदायी और क्या हो सकता है?",
        "explanation": "कृष्ण अर्जुन को याद दिलाते हैं कि शत्रु उनकी कायरता पर हँसेंगे और उनके साहस का मजाक उड़ाएंगे। ऐसे तिरस्कार का अनुभव करना बहुत ही दुखदायी होगा।"
    },
    {
        "chapterName": "सांख्ययोग",
        "chapterNumber": 2,
        "name": "श्लोक 2.37",
        "passage": "हतो वा प्राप्स्यसि स्वर्गं जित्वा वा भोक्ष्यसे महीम् । तस्मादुत्तिष्ठ कौन्तेय युद्धाय कृतनिश्चयः ॥",
        "translation": "यदि तुम युद्ध में मारे गए, तो स्वर्ग प्राप्त करोगे, और यदि जीत गए, तो पृथ्वी का राज्य भोगोगे। इसलिए, हे कौन्तेय, निश्चय के साथ युद्ध के लिए उठो।",
        "explanation": "कृष्ण अर्जुन से कहते हैं कि दोनों ही स्थितियों में जीत है। या तो स्वर्ग मिलेगा, या पृथ्वी पर विजय। इसलिए युद्ध से पीछे हटने का कोई कारण नहीं है, और उन्हें युद्ध के लिए तैयार होना चाहिए।"
    },
    {
        "chapterName": "सांख्ययोग",
        "chapterNumber": 2,
        "name": "श्लोक 2.38",
        "passage": "सुखदुःखे समे कृत्वा लाभालाभौ जयाजयौ । ततो युद्धाय युज्यस्व नैवं पापमवाप्स्यसि ॥",
        "translation": "सुख-दुख, लाभ-हानि, जीत-हार को समान समझकर युद्ध करो। इस प्रकार युद्ध करने से तुम पाप का भागी नहीं बनोगे।",
        "explanation": "कृष्ण अर्जुन को सिखाते हैं कि परिणामों से निर्लिप्त रहकर, यानी जीत-हार, सुख-दुख की चिंता किए बिना युद्ध करना चाहिए। ऐसा करने से किसी भी प्रकार का पाप अर्जित नहीं होता।"
    },
    {
        "chapterName": "सांख्ययोग",
        "chapterNumber": 2,
        "name": "श्लोक 2.39",
        "passage": "एषा तेऽभिहिता सांख्ये बुद्धिर्योगे त्विमां श्रृणु । बुद्ध्या युक्तो यया पार्थ कर्मबन्धं प्रहास्यसि ॥",
        "translation": "अब तक मैंने तुम्हें सांख्य दर्शन के अनुसार बुद्धि का उपदेश दिया है, अब मैं योग के दृष्टिकोण से इसे सुनाता हूँ। हे पार्थ! इस ज्ञान से युक्त होकर तुम कर्मबंधन से मुक्त हो जाओगे।",
        "explanation": "कृष्ण अर्जुन से कहते हैं कि अब तक वे सांख्य के अनुसार ज्ञान दे रहे थे, और अब वे योग का महत्व समझाएंगे, जिससे अर्जुन कर्म करने के बावजूद उसके बंधन से मुक्त हो सकते हैं।"
    },
    {
        "chapterName": "सांख्ययोग",
        "chapterNumber": 2,
        "name": "श्लोक 2.40",
        "passage": "नेहाभिक्रमनाशोऽस्ति प्रत्यवायो न विद्यते । स्वल्पमप्यस्य धर्मस्य त्रायते महतो भयात् ॥",
        "translation": "इस मार्ग में आरंभ किए गए कार्य का कभी नाश नहीं होता और न ही कोई पाप होता है। थोड़ा सा भी इस धर्म का पालन मनुष्य को महान भय से बचा सकता है।",
        "explanation": "कृष्ण बताते हैं कि योग का पालन करने से किए गए कार्य व्यर्थ नहीं जाते और इसमें कोई नुकसान नहीं होता। यहां तक कि थोड़ा सा भी योग अभ्यास जीवन के बड़े संकटों से रक्षा कर सकता है।"
    },
    {
        "chapterName": "सांख्ययोग",
        "chapterNumber": 2,
        "name": "श्लोक 2.41",
        "passage": "व्यवसायात्मिका बुद्धिरेकेह कुरुनन्दन । बहुशाखा ह्यनन्ताश्च बुद्धयोऽव्यवसायिनाम् ॥",
        "translation": "इस मार्ग में स्थिर और निश्चयात्मक बुद्धि केवल एक होती है, लेकिन अयोग्य और संकल्पहीन लोगों की बुद्धि अनेक और असंख्य शाखाओं वाली होती है।",
        "explanation": "कृष्ण अर्जुन को बताते हैं कि एक स्थिर और दृढ़ निश्चयी व्यक्ति की बुद्धि एक ही लक्ष्य पर केंद्रित होती है, जबकि अयोग्य और अस्थिर लोगों की बुद्धि भटकती रहती है, और वे असंख्य दिशाओं में विभाजित रहते हैं।"
    },
    {
        "chapterName": "सांख्ययोग",
        "chapterNumber": 2,
        "name": "श्लोक 2.42-2.43",
        "passage": "यामिमां पुष्पितां वाचं प्रवदन्त्यविपश्चितः । वेदवादरताः पार्थ नान्यदस्तीति वादिनः ॥\nकामात्मानः स्वर्गपरा जन्मकर्मफलप्रदाम् । क्रियाविशेषबहुलां भोगैश्वर्यगतिं प्रति ॥",
        "translation": "हे पार्थ! अल्पबुद्धि वाले वेदवादियों की मीठी वाणी में मोहित होते हैं, जो केवल स्वर्ग की प्राप्ति के लिए कर्मकांड में रत रहते हैं, और भोग-विलास और ऐश्वर्य की ओर प्रेरित होते हैं।",
        "explanation": "कृष्ण उन लोगों की आलोचना करते हैं जो केवल कर्मकांड और भोग-विलास में लिप्त रहते हैं और स्वर्ग की प्राप्ति को ही सब कुछ मानते हैं। वे इस प्रकार के मार्ग को तुच्छ बताते हैं, जो आत्म-ज्ञान से दूर करता है।"
    },
    {
        "chapterName": "सांख्ययोग",
        "chapterNumber": 2,
        "name": "श्लोक 2.44",
        "passage": "भोगैश्वर्यप्रसक्तानां तयापहृतचेतसाम् । व्यवसायात्मिका बुद्धिः समाधौ न विधीयते ॥",
        "translation": "जो लोग भोग और ऐश्वर्य में लिप्त रहते हैं, उनकी बुद्धि माया से ढक जाती है और वे स्थिर और एकाग्र मन से समाधि में नहीं पहुँच सकते।",
        "explanation": "कृष्ण बताते हैं कि भोग-विलास और ऐश्वर्य के प्रति आसक्त लोगों की बुद्धि माया से आच्छादित हो जाती है, जिससे वे योग के अभ्यास और आत्मज्ञान की ओर नहीं बढ़ पाते।"
    },
    {
        "chapterName": "सांख्ययोग",
        "chapterNumber": 2,
        "name": "श्लोक 2.45",
        "passage": "त्रैगुण्यविषया वेदा निस्त्रैगुण्यो भवार्जुन । निर्द्वन्द्वो नित्यसत्त्वस्थो निर्योगक्षेम आत्मवान् ॥",
        "translation": "वेद त्रिगुणमयी (सत्व, रज, तम) प्रकृति से संबंधित हैं। हे अर्जुन! इन तीन गुणों से ऊपर उठो, समभाव में स्थित हो, और योग और क्षेत्र के प्रति आसक्ति से मुक्त होकर आत्मा में स्थित हो।",
        "explanation": "कृष्ण अर्जुन को सलाह देते हैं कि वे त्रिगुणों (सत्व, रजस, तमस) के पार जाकर आत्मा में स्थित हों। समता की भावना को अपनाकर योग के अभ्यास से मुक्ति प्राप्त की जा सकती है।"
    },
    {
        "chapterName": "सांख्ययोग",
        "chapterNumber": 2,
        "name": "श्लोक 2.46",
        "passage": "यावानर्थ उदपाने सर्वतः सम्प्लुतोदके । तावान्सर्वेषु वेदेषु ब्राह्मणस्य विजानतः ॥",
        "translation": "जिस प्रकार छोटे जलाशयों में जो कुछ मिलता है, वह एक बड़े जलाशय में समाहित हो जाता है, उसी प्रकार जो व्यक्ति आत्मज्ञान प्राप्त कर लेता है, वह वेदों के समस्त ज्ञान को समाहित कर लेता है।",
        "explanation": "कृष्ण समझाते हैं कि जिस प्रकार एक विशाल जलाशय में सभी छोटे जलाशयों का जल समाहित हो जाता है, उसी प्रकार आत्म-ज्ञान से प्राप्त समग्रता में वेदों का ज्ञान भी समाहित हो जाता है।"
    },
    {
        "chapterName": "सांख्ययोग",
        "chapterNumber": 2,
        "name": "श्लोक 2.47",
        "passage": "कर्मण्येवाधिकारस्ते मा फलेषु कदाचन । मा कर्मफलहेतुर्भूर्मा ते सङ्गोऽस्त्वकर्मणि ॥",
        "translation": "तुम्हारा अधिकार केवल कर्म करने में है, कभी भी उसके फलों पर नहीं। अतः तुम कर्मफल के लिए आसक्त न हो, और न ही अकर्मण्यता में लिप्त हो।",
        "explanation": "यह श्लोक गीता के सबसे प्रसिद्ध श्लोकों में से एक है। कृष्ण कहते हैं कि हमें कर्म करते समय फल की चिंता नहीं करनी चाहिए। कर्म करना हमारा कर्तव्य है, और हमें केवल उसे करने पर ध्यान देना चाहिए, फल की चिंता से दूर रहना चाहिए।"
    },
    {
        "chapterName": "सांख्ययोग",
        "chapterNumber": 2,
        "name": "श्लोक 2.48",
        "passage": "योगस्थः कुरु कर्माणि सङ्गं त्यक्त्वा धनञ्जय । सिद्ध्यसिद्ध्योः समो भूत्वा समत्वं योग उच्यते ॥",
        "translation": "हे धनञ्जय! योग में स्थित होकर, आसक्ति को त्याग कर कर्म करो, और सफलता-असफलता में समभाव रखो। इसी को योग कहते हैं।",
        "explanation": "कृष्ण अर्जुन से कहते हैं कि योग का सच्चा अर्थ है समभाव में स्थित रहकर कर्म करना। चाहे परिणाम जो भी हो, हमें कर्म करने में आसक्ति से मुक्त होना चाहिए।"
    },
    {
        "chapterName": "सांख्ययोग",
        "chapterNumber": 2,
        "name": "श्लोक 2.49",
        "passage": "दूरेण ह्यवरं कर्म बुद्धियोगाद्धनञ्जय । बुद्धौ शरणमन्विच्छ कृपणाः फलहेतवः ॥",
        "translation": "हे धनञ्जय! बुद्धियोग से रहित कर्म बहुत ही नीच है। इसलिए तुम बुद्धि (ज्ञान) की शरण में जाओ, क्योंकि फल की इच्छा रखने वाले कृपण (छोटे सोच वाले) होते हैं।",
        "explanation": "कृष्ण अर्जुन को कहते हैं कि बिना ज्ञान के किया गया कर्म नीच होता है। बुद्धि के साथ किया गया कर्म ही श्रेष्ठ है, और जो लोग केवल फल की इच्छा से कर्म करते हैं, वे तुच्छ माने जाते हैं।"
    },
    {
        "chapterName": "सांख्ययोग",
        "chapterNumber": 2,
        "name": "श्लोक 2.50",
        "passage": "बुद्धियुक्तो जहातीह उभे सुकृतदुष्कृते । तस्माद्योगाय युज्यस्व योगः कर्मसु कौशलम् ॥",
        "translation": "बुद्धि से युक्त व्यक्ति इस संसार में अच्छे और बुरे दोनों प्रकार के कर्मों को त्याग देता है। इसलिए, योग में स्थित हो जाओ, क्योंकि योग ही कर्मों में कुशलता है।",
        "explanation": "कृष्ण समझाते हैं कि योग की अवस्था में रहने वाला व्यक्ति अच्छे और बुरे कर्मों के फलों से परे हो जाता है। योग का अभ्यास कर्मों में दक्षता लाता है, जिससे व्यक्ति मोक्ष की ओर अग्रसर होता है।"
    },
    {
        "chapterName": "सांख्ययोग",
        "chapterNumber": 2,
        "name": "श्लोक 2.51",
        "passage": "कर्मजं बुद्धियुक्ता हि फलं त्यक्त्वा मनीषिणः । जन्मबन्धविनिर्मुक्ताः पदं गच्छन्त्यनामयम् ॥",
        "translation": "बुद्धि से युक्त ज्ञानीजन कर्मों के फलों को त्यागकर जन्म और मृत्यु के बंधन से मुक्त हो जाते हैं और परम शांति को प्राप्त करते हैं।",
        "explanation": "कृष्ण बताते हैं कि जो लोग ज्ञान और बुद्धि के साथ कर्म करते हैं, वे अपने कर्मों के फलों का त्याग कर जन्म और मृत्यु के चक्र से मुक्त हो जाते हैं और मोक्ष प्राप्त करते हैं।"
    },
    {
        "chapterName": "सांख्ययोग",
        "chapterNumber": 2,
        "name": "श्लोक 2.52",
        "passage": "यदा ते मोहकलिलं बुद्धिर्व्यतितरिष्यति । तदा गन्तासि निर्वेदं श्रोतव्यस्य श्रुतस्य च ॥",
        "translation": "जब तुम्हारी बुद्धि मोह के जाल को पार कर जाएगी, तब तुम सुनने योग्य और सुनी हुई सभी बातों से वैराग्य प्राप्त करोगे।",
        "explanation": "कृष्ण अर्जुन से कहते हैं कि जब वह मोह और अज्ञान को पार कर जाएगा, तो उसे सभी प्रकार के शास्त्रों और सुनी-सुनाई बातों से वैराग्य प्राप्त हो जाएगा। यह ज्ञान उसे सत्य के निकट ले जाएगा।"
    },
    {
        "chapterName": "सांख्ययोग",
        "chapterNumber": 2,
        "name": "श्लोक 2.53",
        "passage": "श्रुतिविप्रतिपन्ना ते यदा स्थास्यति निश्चला । समाधावचला बुद्धिस्तदा योगमवाप्स्यसि ॥",
        "translation": "जब तुम्हारी बुद्धि सुनाई गई बातों से विचलित नहीं होगी और समाहित हो जाएगी, तब तुम योग की प्राप्ति करोगे।",
        "explanation": "कृष्ण कहते हैं कि जब अर्जुन की बुद्धि किसी भी बाहरी प्रभाव से विचलित नहीं होगी और वह स्थिरता को प्राप्त करेगा, तभी वह योग और समाधि की अवस्था को प्राप्त कर सकेगा।"
    },
    {
        "chapterName": "सांख्ययोग",
        "chapterNumber": 2,
        "name": "श्लोक 2.54",
        "passage": "अर्जुन उवाच । स्थितप्रज्ञस्य का भाषा समाधिस्थस्य केशव । स्थितधीः किं प्रभाषेत किमासीत व्रजेत किम् ॥",
        "translation": "अर्जुन ने कहा: हे केशव! स्थिर बुद्धि वाले व्यक्ति के क्या लक्षण होते हैं? समाधि में स्थित व्यक्ति कैसे बोलता है, कैसे बैठता है और कैसे चलता है?",
        "explanation": "अर्जुन कृष्ण से स्थिर बुद्धि (स्थितप्रज्ञ) वाले व्यक्ति के लक्षणों के बारे में पूछते हैं। वे जानना चाहते हैं कि ऐसा व्यक्ति कैसे व्यवहार करता है और जीवन में कैसे रहता है।"
    },
    {
        "chapterName": "सांख्ययोग",
        "chapterNumber": 2,
        "name": "श्लोक 2.55",
        "passage": "श्रीभगवानुवाच । प्रजहाति यदा कामान्सर्वान्पार्थ मनोगतान् । आत्मन्येवात्मना तुष्टः स्थितप्रज्ञस्तदोच्यते ॥",
        "translation": "भगवान ने कहा: हे पार्थ! जब व्यक्ति अपने मन में उठने वाली समस्त इच्छाओं का त्याग कर देता है और आत्मा में संतुष्ट रहता है, तब उसे स्थिर बुद्धि (स्थितप्रज्ञ) कहा जाता है।",
        "explanation": "कृष्ण बताते हैं कि स्थिर बुद्धि वाला व्यक्ति वह है जो अपने मन की सभी इच्छाओं का त्याग कर चुका होता है और आत्म-संतोष में जीता है। वह बाहरी चीजों पर निर्भर नहीं होता।"
    },
    {
        "chapterName": "सांख्ययोग",
        "chapterNumber": 2,
        "name": "श्लोक 2.56",
        "passage": "दुःखेष्वनुद्विग्नमना: सुखेषु विगतस्पृह: । वीतरागभयक्रोधः स्थितधीर्मुनिरुच्यते ॥",
        "translation": "जो व्यक्ति दुख में विचलित नहीं होता, सुख में स्पृहा (आसक्ति) से रहित होता है, और जिसने राग, भय और क्रोध का त्याग कर दिया है, वह स्थिर बुद्धि वाला मुनि कहलाता है।",
        "explanation": "कृष्ण स्थिर बुद्धि वाले मुनि के गुण बताते हैं—जो दुख में विचलित नहीं होता, सुख में आसक्त नहीं होता, और जिसने राग, भय, और क्रोध को त्याग दिया होता है, वही मुनि कहलाता है।"
    },
    {
        "chapterName": "सांख्ययोग",
        "chapterNumber": 2,
        "name": "श्लोक 2.57",
        "passage": "यः सर्वत्रानभिस्नेहस्तत्तत्प्राप्य शुभाशुभम् । नाभिनन्दति न द्वेष्टि तस्य प्रज्ञा प्रतिष्ठिता ॥",
        "translation": "जो व्यक्ति शुभ-अशुभ किसी भी परिस्थिति में आसक्त नहीं होता, न किसी चीज़ से प्रसन्न होता है और न ही किसी चीज़ से द्वेष करता है, उसकी बुद्धि स्थिर मानी जाती है।",
        "explanation": "कृष्ण कहते हैं कि स्थिर बुद्धि वाला व्यक्ति किसी भी परिस्थिति में न तो अत्यधिक प्रसन्न होता है और न ही द्वेष करता है। वह किसी भी चीज़ में आसक्त नहीं होता, उसकी बुद्धि संतुलित रहती है।"
    },
    {
        "chapterName": "सांख्ययोग",
        "chapterNumber": 2,
        "name": "श्लोक 2.58",
        "passage": "यदा संहरते चायं कूर्मोऽङ्गानीव सर्वशः । इन्द्रियाणीन्द्रियार्थेभ्यस्तस्य प्रज्ञा प्रतिष्ठिता ॥",
        "translation": "जिस प्रकार कछुआ अपने अंगों को समेट लेता है, उसी प्रकार जब यह व्यक्ति अपनी इंद्रियों को उनके विषयों से हटा लेता है, तब उसकी बुद्धि स्थिर मानी जाती है।",
        "explanation": "कृष्ण समझाते हैं कि स्थिर बुद्धि वाला व्यक्ति अपनी इंद्रियों को नियंत्रण में रखता है, जैसे कछुआ अपने अंगों को भीतर समेट लेता है। वह बाहरी भोगों से खुद को दूर रखता है।"
    },
    {
        "chapterName": "सांख्ययोग",
        "chapterNumber": 2,
        "name": "श्लोक 2.59",
        "passage": "विषया विनिवर्तन्ते निराहारस्य देहिनः । रसवर्जं रसोप्यस्य परं दृष्ट्वा निवर्तते ॥",
        "translation": "इंद्रियों के विषय तो निराहारी (अभ्यासी) व्यक्ति से दूर हो जाते हैं, लेकिन उनकी तृष्णा बनी रहती है। परंतु जब वह परम सत्य का दर्शन करता है, तब यह तृष्णा भी समाप्त हो जाती है।",
        "explanation": "भले ही व्यक्ति अपनी इंद्रियों को विषयों से दूर रखता है, परंतु तृष्णा तब तक बनी रहती है जब तक वह परम सत्य का अनुभव नहीं करता। ज्ञान प्राप्ति के बाद, यह तृष्णा भी समाप्त हो जाती है।"
    },
    {
        "chapterName": "सांख्ययोग",
        "chapterNumber": 2,
        "name": "श्लोक 2.60",
        "passage": "यततो ह्यपि कौन्तेय पुरुषस्य विपश्चितः । इन्द्रियाणि प्रमाथीनि हरन्ति प्रसभं मनः ॥",
        "translation": "हे कौन्तेय! प्रयासशील और ज्ञानी व्यक्ति की भी इंद्रियाँ बलपूर्वक उसका मन हर लेती हैं।",
        "explanation": "कृष्ण कहते हैं कि भले ही कोई व्यक्ति प्रयासरत और ज्ञानी हो, लेकिन इंद्रियाँ इतनी शक्तिशाली होती हैं कि वे बलपूर्वक मन को विचलित कर सकती हैं। इसलिए इंद्रियों को नियंत्रित करना आवश्यक है।"
    },
    {
        "chapterName": "सांख्ययोग",
        "chapterNumber": 2,
        "name": "श्लोक 2.61",
        "passage": "तानि सर्वाणि संयम्य युक्त आसीत मत्परः । वशे हि यस्येन्द्रियाणि तस्य प्रज्ञा प्रतिष्ठिता ॥",
        "translation": "जो व्यक्ति अपनी इंद्रियों को पूरी तरह से वश में रखता है और मुझे (कृष्ण को) अपना परम ध्येय मानता है, उसकी बुद्धि स्थिर मानी जाती है।",
        "explanation": "कृष्ण समझाते हैं कि जो व्यक्ति अपनी इंद्रियों को नियंत्रित करता है और अपने मन को भगवान पर केंद्रित करता है, उसकी बुद्धि स्थिर हो जाती है। वह मानसिक शांति और ज्ञान प्राप्त करता है।"
    },
    {
        "chapterName": "सांख्ययोग",
        "chapterNumber": 2,
        "name": "श्लोक 2.62",
        "passage": "ध्यायतो विषयान्पुंसः संगस्तेषूपजायते । संगात्संजायते कामः कामात्क्रोधोऽभिजायते ॥",
        "translation": "विषयों का चिंतन करने वाले मनुष्य में उनके प्रति आसक्ति उत्पन्न होती है। आसक्ति से कामना उत्पन्न होती है और कामना से क्रोध पैदा होता है।",
        "explanation": "कृष्ण बताते हैं कि जब मनुष्य किसी वस्तु का चिंतन करता है, तो उसके प्रति आसक्ति उत्पन्न होती है। यह आसक्ति कामना और फिर कामना पूरी न होने पर क्रोध को जन्म देती है, जो मानसिक अशांति का कारण बनता है।"
    },
    {
        "chapterName": "सांख्ययोग",
        "chapterNumber": 2,
        "name": "श्लोक 2.63",
        "passage": "क्रोधाद्भवति सम्मोहः सम्मोहात्स्मृतिविभ्रमः । स्मृतिभ्रंशाद् बुद्धिनाशो बुद्धिनाशात्प्रणश्यति ॥",
        "translation": "क्रोध से मोह उत्पन्न होता है, मोह से स्मृति का भ्रम, स्मृति के भ्रम से बुद्धि का नाश और बुद्धि के नाश से मनुष्य का पतन हो जाता है।",
        "explanation": "कृष्ण बताते हैं कि क्रोध से व्यक्ति की विवेकशीलता नष्ट हो जाती है, जिससे उसकी स्मृति भ्रमित होती है। इस स्मृति भ्रम से बुद्धि का नाश होता है और बुद्धि के नाश से व्यक्ति पतन की ओर जाता है।"
    },
    {
        "chapterName": "सांख्ययोग",
        "chapterNumber": 2,
        "name": "श्लोक 2.64",
        "passage": "रागद्वेषवियुक्तैस्तु विषयानिन्द्रियैश्चरन् । आत्मवश्यैर्विधेयात्मा प्रसादमधिगच्छति ॥",
        "translation": "जो व्यक्ति राग और द्वेष से मुक्त होकर अपनी इंद्रियों को आत्मा के वश में रखता है, वह शांति और प्रसन्नता प्राप्त करता है।",
        "explanation": "कृष्ण समझाते हैं कि जो व्यक्ति राग (आसक्ति) और द्वेष (घृणा) से मुक्त होकर अपनी इंद्रियों को नियंत्रित करता है, वह शांति और प्रसन्नता प्राप्त करता है। उसकी आत्मा संतुलित रहती है।"
    },
    {
        "chapterName": "सांख्ययोग",
        "chapterNumber": 2,
        "name": "श्लोक 2.65",
        "passage": "प्रसादे सर्वदुःखानां हानिरस्योपजायते । प्रसन्नचेतसो ह्याशु बुद्धिः पर्यवतिष्ठते ॥",
        "translation": "जब मनुष्य प्रसन्नचित्त होता है, तो उसके सभी दुखों का नाश हो जाता है, और उसकी बुद्धि शीघ्र ही स्थिर हो जाती है।",
        "explanation": "कृष्ण बताते हैं कि शांति और प्रसन्नता प्राप्त करने से मनुष्य के सभी दुख समाप्त हो जाते हैं। जब उसका चित्त प्रसन्न होता है, तो उसकी बुद्धि स्थिर हो जाती है और उसे शाश्वत ज्ञान प्राप्त होता है।"
    },
    {
        "chapterName": "सांख्ययोग",
        "chapterNumber": 2,
        "name": "श्लोक 2.66",
        "passage": "नास्ति बुद्धिरयुक्तस्य न चायुक्तस्य भावना । न चाभावयतः शान्तिरशान्तस्य कुतः सुखम् ॥",
        "translation": "अयुक्त व्यक्ति के पास बुद्धि नहीं होती, उसके पास ध्यान भी नहीं होता, और जो ध्यान नहीं करता, उसे शांति नहीं मिलती। जो अशांत है, वह सुखी कैसे हो सकता है?",
        "explanation": "कृष्ण कहते हैं कि ध्यान और बुद्धि से रहित व्यक्ति शांति नहीं प्राप्त कर सकता। अशांत मनुष्य को कभी भी सुख की प्राप्ति नहीं होती, क्योंकि शांति ही सुख का आधार है।"
    },
    {
        "chapterName": "सांख्ययोग",
        "chapterNumber": 2,
        "name": "श्लोक 2.67",
        "passage": "इन्द्रियाणां हि चरतां यन्मनोऽनुविधीयते । तदस्य हरति प्रज्ञां वायुर्नावमिवाम्भसि ॥",
        "translation": "जब मनुष्य की बुद्धि इंद्रियों के विषयों के पीछे चलती है, तो यह उसकी बुद्धि को वैसे ही हर लेती है, जैसे जल में नाव को हवा हर लेती है।",
        "explanation": "कृष्ण चेतावनी देते हैं कि यदि मनुष्य की बुद्धि उसकी इंद्रियों के पीछे चलती है, तो वह बुद्धि को नियंत्रित नहीं कर सकता। जैसे जल में नाव को तेज हवा उड़ा ले जाती है, वैसे ही इंद्रियों का अनुसरण बुद्धि को क्षीण कर देता है।"
    },
    {
        "chapterName": "सांख्ययोग",
        "chapterNumber": 2,
        "name": "श्लोक 2.68",
        "passage": "तस्माद्यस्य महाबाहो निगृहीतानि सर्वशः । इन्द्रियाणीन्द्रियार्थेभ्यस्तस्य प्रज्ञा प्रतिष्ठिता ॥",
        "translation": "इसलिए, हे महाबाहु (अर्जुन), जिसकी इंद्रियाँ उनके विषयों से पूरी तरह नियंत्रित हैं, उसकी बुद्धि स्थिर होती है।",
        "explanation": "कृष्ण कहते हैं कि जो व्यक्ति अपनी इंद्रियों को पूरी तरह से उनके विषयों से हटा लेता है और नियंत्रित रखता है, उसकी बुद्धि स्थिर रहती है और वह आत्म-संयम प्राप्त करता है।"
    },
    {
        "chapterName": "सांख्ययोग",
        "chapterNumber": 2,
        "name": "श्लोक 2.69",
        "passage": "या निशा सर्वभूतानां तस्यां जागर्ति संयमी । यस्यां जाग्रति भूतानि सा निशा पश्यतो मुनेः ॥",
        "translation": "जो समय सभी प्राणियों के लिए रात्रि के समान होता है, उसमें संयमी व्यक्ति जागरूक रहता है। और जब सभी जागते हैं, तब ज्ञानी मुनि के लिए वह समय अज्ञान की रात्रि के समान होता है।",
        "explanation": "यह श्लोक बताता है कि ज्ञानी व्यक्ति और सामान्य व्यक्ति के दृष्टिकोण में अंतर होता है। जहां सामान्य लोग संसारिकता में खोए रहते हैं, वहां आत्मज्ञानी व्यक्ति जागरूक रहता है और सत्य को पहचानता है।"
    },
    {
        "chapterName": "सांख्ययोग",
        "chapterNumber": 2,
        "name": "श्लोक 2.70",
        "passage": "आपूर्यमाणमचलप्रतिष्ठं समुद्रमापः प्रविशन्ति यद्वत् । तद्वत्कामा यं प्रविशन्ति सर्वे स शान्तिमाप्नोति न कामकामी ॥",
        "translation": "जैसे नदियाँ जल से भरते हुए भी सागर को विचलित नहीं कर पातीं, वैसे ही जिसे सभी इच्छाएँ प्राप्त होती हैं, वह व्यक्ति शांत रहता है, न कि वह जो इच्छाओं के पीछे दौड़ता है।",
        "explanation": "कृष्ण समझाते हैं कि जिस प्रकार समुद्र नदियों के जल से संतुलित रहता है, वैसे ही ज्ञानी व्यक्ति अपनी इच्छाओं के आने पर भी शांत और संतुलित रहता है। शांति उसे प्राप्त होती है जो इच्छाओं से मुक्त होता है।"
    },
    {
        "chapterName": "सांख्ययोग",
        "chapterNumber": 2,
        "name": "श्लोक 2.71",
        "passage": "विहाय कामान्यः सर्वान्पुमांश्चरति निःस्पृहः । निर्ममो निरहङ्कारः स शान्तिमधिगच्छति ॥",
        "translation": "जो व्यक्ति सभी इच्छाओं को त्याग देता है, जो निःस्पृह, निरमोह और अहंकार रहित है, वह शांति प्राप्त करता है।",
        "explanation": "कृष्ण कहते हैं कि इच्छाओं, ममता और अहंकार से मुक्त व्यक्ति ही सच्ची शांति प्राप्त करता है। ऐसा व्यक्ति अपने कर्तव्यों में समर्पित रहता है, लेकिन परिणामों के प्रति निःस्पृह होता है।"
    },
    {
        "chapterName": "सांख्ययोग",
        "chapterNumber": 2,
        "name": "श्लोक 2.72",
        "passage": "एषा ब्राह्मी स्थिति: पार्थ नैनां प्राप्य विमुह्यति । स्थित्वास्यामन्तकालेऽपि ब्रह्मनिर्वाणमृच्छति ॥",
        "translation": "हे पार्थ! यह ब्राह्मी स्थिति है, इसे प्राप्त करने के बाद व्यक्ति मोहित नहीं होता। इस स्थिति में स्थित होकर व्यक्ति मृत्यु के समय भी ब्रह्म-निर्वाण प्राप्त करता है।",
        "explanation": "कृष्ण कहते हैं कि यह स्थिति ब्राह्मी (आध्यात्मिक) अवस्था है। इसे प्राप्त करने वाला व्यक्ति संसार के मोह से मुक्त हो जाता है और मृत्यु के समय भी मोक्ष प्राप्त करता है। यह शाश्वत शांति और निर्वाण की स्थिति है।"
    }
]