[
    {
        "chapterName": "मोक्षसंन्यासयोग",
        "chapterNumber": 18,
        "name": "श्लोक 18.1",
        "passage": "अर्जुन उवाच । संन्यासस्य महाबाहो तत्त्वमिच्छामि वेदितुम् । त्यागस्य च हृषीकेश पृथक्केशिनिषूदन ॥",
        "translation": "अर्जुन ने कहा: हे महाबाहु (कृष्ण)! मैं संन्यास और त्याग के तत्व को समझना चाहता हूँ, कृपया मुझे इसके बारे में बताएं।",
        "explanation": "अर्जुन ने यहाँ कृष्ण से संन्यास और त्याग के बीच अंतर को स्पष्ट करने के लिए कहा है। वह जानना चाहता है कि इन दोनों शब्दों का वास्तविक अर्थ क्या है और इनका महत्व क्या है।"
    },
    {
        "chapterName": "मोक्षसंन्यासयोग",
        "chapterNumber": 18,
        "name": "श्लोक 18.2",
        "passage": "श्रीभगवानुवाच । काम्यानां कर्मणां न्यासं संन्यासं कवयो विदुः । सर्वकर्मफलत्यागं प्राहुस्त्यागं विचक्षणाः ॥",
        "translation": "श्री भगवान ने कहा: ज्ञानी लोग काम्य कर्मों का त्याग 'संन्यास' और सभी कर्मों के फल का त्याग 'त्याग' कहते हैं।",
        "explanation": "कृष्ण यहाँ स्पष्ट करते हैं कि 'संन्यास' का अर्थ इच्छाओं से प्रेरित कर्मों का त्याग है, जबकि 'त्याग' का अर्थ है कर्मों के फलों का त्याग। यह दोनों शब्दों के बीच का अंतर बताता है।"
    },
    {
        "chapterName": "मोक्षसंन्यासयोग",
        "chapterNumber": 18,
        "name": "श्लोक 18.3",
        "passage": "त्याज्यं दोषवदित्येके कर्म प्राहुर्मनीषिणः । यज्ञदानतपःकर्म न त्याज्यमिति चापरे ॥",
        "translation": "कुछ मनीषी कहते हैं कि कर्म दोषपूर्ण हैं और उन्हें त्याग देना चाहिए, जबकि अन्य कहते हैं कि यज्ञ, दान और तप को कभी त्यागना नहीं चाहिए।",
        "explanation": "यह श्लोक दो अलग-अलग विचारों का वर्णन करता है। कुछ विद्वान कर्म को त्यागने की सलाह देते हैं, जबकि अन्य यह मानते हैं कि कुछ कर्म, जैसे यज्ञ, दान, और तप, कभी नहीं त्यागने चाहिए।"
    },
    {
        "chapterName": "मोक्षसंन्यासयोग",
        "chapterNumber": 18,
        "name": "श्लोक 18.4",
        "passage": "निश्चयं श्रृणु मे तत्र त्यागे भरतसत्तम । त्यागो हि पुरुषव्याघ्र त्रिविधः संप्रकीर्तितः ॥",
        "translation": "हे भरतश्रेष्ठ, त्याग के संबंध में मेरा निर्णय सुनो। हे पुरुषश्रेष्ठ, त्याग तीन प्रकार का बताया गया है।",
        "explanation": "कृष्ण अर्जुन से कहते हैं कि वह त्याग के विषय में सुनें। इसके बाद वह त्याग के तीन भेदों के बारे में समझाएंगे।"
    },
    {
        "chapterName": "मोक्षसंन्यासयोग",
        "chapterNumber": 18,
        "name": "श्लोक 18.5",
        "passage": "यज्ञदानतपःकर्म न त्याज्यं कार्यमेव तत् । यज्ञो दानं तपश्चैव पावनानि मनीषिणाम् ॥",
        "translation": "यज्ञ, दान और तप जैसे कर्मों को कभी त्यागना नहीं चाहिए, क्योंकि वे विद्वानों के लिए शुद्ध करने वाले होते हैं।",
        "explanation": "यह श्लोक स्पष्ट करता है कि यज्ञ, दान और तप ऐसे कर्म हैं, जो आत्मा को शुद्ध करते हैं, और इन्हें किसी भी परिस्थिति में त्यागा नहीं जाना चाहिए।"
    },
    {
        "chapterName": "मोक्षसंन्यासयोग",
        "chapterNumber": 18,
        "name": "श्लोक 18.6",
        "passage": "एतान्यपि तु कर्माणि संगं त्यक्त्वा फलानि च । कर्तव्यानीति मे पार्थ निश्चितं मतमुत्तमम् ॥",
        "translation": "हे पार्थ, इन कर्मों को करते समय आसक्ति और फल की इच्छा का त्याग कर देना चाहिए। यही मेरा सर्वोत्तम मत है।",
        "explanation": "कृष्ण यहाँ अर्जुन को बताते हैं कि यज्ञ, दान और तप जैसे कर्म करने चाहिए, लेकिन इन्हें बिना आसक्ति और बिना फल की इच्छा के करना चाहिए।"
    },
    {
        "chapterName": "मोक्षसंन्यासयोग",
        "chapterNumber": 18,
        "name": "श्लोक 18.7",
        "passage": "नियतस्य तु संन्यासः कर्मणो नोपपद्यते । मोहात्तस्य परित्यागस्तामसः परिकीर्तितः ॥",
        "translation": "नियत (निर्धारित) कर्म का त्याग करना उचित नहीं है। मोहवश उसका त्याग करना तामस त्याग कहलाता है।",
        "explanation": "जो व्यक्ति अपने कर्तव्यों का त्याग मोह या अज्ञानता के कारण करता है, उसका त्याग तामसिक होता है और उचित नहीं माना जाता।"
    },
    {
        "chapterName": "मोक्षसंन्यासयोग",
        "chapterNumber": 18,
        "name": "श्लोक 18.8",
        "passage": "दुःखमित्येव यत्कर्म कायक्लेशभयात्त्यजेत् । स कृत्वा राजसं त्यागं नैव त्यागफलं लभेत् ॥",
        "translation": "जो व्यक्ति कष्ट और काया के क्लेश के भय से कर्म का त्याग करता है, उसका त्याग राजसिक माना जाता है और उसे त्याग का फल प्राप्त नहीं होता।",
        "explanation": "राजसिक त्याग वह है, जिसमें व्यक्ति किसी कर्म को उसके कष्ट या श्रम से बचने के लिए त्याग देता है। ऐसा त्याग उचित फल नहीं देता।"
    },
    {
        "chapterName": "मोक्षसंन्यासयोग",
        "chapterNumber": 18,
        "name": "श्लोक 18.9",
        "passage": "कार्यं इत्येव यत्कर्म नियतं क्रियतेऽर्जुन । संगं त्यक्त्वा फलं चैव स त्यागः सात्त्विको मतः ॥",
        "translation": "हे अर्जुन, जो कर्म 'कर्तव्य है' यह समझकर किया जाता है, और जो बिना आसक्ति और फल की इच्छा के किया जाता है, वह सात्त्विक त्याग कहलाता है।",
        "explanation": "सात्त्विक त्याग वह है, जिसमें व्यक्ति कर्म को इसलिए करता है, क्योंकि वह उसका कर्तव्य है, और वह इससे कोई फल की आशा या आसक्ति नहीं रखता।"
    },
    {
        "chapterName": "मोक्षसंन्यासयोग",
        "chapterNumber": 18,
        "name": "श्लोक 18.10",
        "passage": "न द्वेष्ट्यकुशलं कर्म कुशले नानुषज्जते । त्यागी सत्त्वसमाविष्टो मेधावी छिन्नसंशयः ॥",
        "translation": "सात्त्विक त्यागी व्यक्ति अकुशल कर्मों से घृणा नहीं करता और कुशल कर्मों में आसक्त नहीं होता। वह ज्ञानयुक्त होता है और उसके सभी संशय समाप्त हो चुके होते हैं।",
        "explanation": "सात्त्विक त्यागी वह होता है, जो कर्मों के परिणाम से प्रभावित नहीं होता, वह ज्ञान और निश्चय से युक्त होता है।"
    },
    {
        "chapterName": "मोक्षसंन्यासयोग",
        "chapterNumber": 18,
        "name": "श्लोक 18.11",
        "passage": "न हि देहभृता शक्यं त्यक्तुं कर्माण्यशेषतः । यस्तु कर्मफलत्यागी स त्यागीत्यभिधीयते ॥",
        "translation": "देहधारी प्राणी के लिए समस्त कर्मों का परित्याग करना असंभव है, लेकिन जो व्यक्ति कर्मों के फलों का त्याग करता है, उसे त्यागी कहा जाता है।",
        "explanation": "यहाँ स्पष्ट किया गया है कि जीवित रहते हुए सभी कर्मों का त्याग करना संभव नहीं है, लेकिन कर्मों के फलों का त्याग करने वाला ही सच्चा त्यागी कहलाता है।"
    },
    {
        "chapterName": "मोक्षसंन्यासयोग",
        "chapterNumber": 18,
        "name": "श्लोक 18.12",
        "passage": "अनिष्टमिष्टं मिश्रं च त्रिविधं कर्मणः फलम् । भवत्यत्यागिनां प्रेत्य न तु संन्यासिनां क्वचित् ॥",
        "translation": "त्याग न करने वालों को कर्मों के तीन प्रकार के फल - अनिष्ट (अप्रिय), इष्ट (प्रिय) और मिश्रित - प्राप्त होते हैं, लेकिन संन्यासियों को ऐसा फल नहीं मिलता।",
        "explanation": "जो व्यक्ति संन्यासी नहीं है, उसे कर्म के तीनों प्रकार के फल भोगने पड़ते हैं, चाहे वे शुभ हों, अशुभ हों, या मिश्रित हों। लेकिन सच्चे संन्यासी इन फलों से परे होते हैं।"
    },
    {
        "chapterName": "मोक्षसंन्यासयोग",
        "chapterNumber": 18,
        "name": "श्लोक 18.13",
        "passage": "पञ्चैतानि महाबाहो कारणानि निबोध मे । साङ्‍ख्ये कृतान्ते प्रोक्तानि सिद्धये सर्वकर्मणाम् ॥",
        "translation": "हे महाबाहु, अब मेरे से कर्मों की सिद्धि के लिए बताये गए पाँच कारणों को सुनो, जो सांख्य शास्त्र में वर्णित हैं।",
        "explanation": "कृष्ण यहाँ अर्जुन से कहते हैं कि वे उसे कर्म की सिद्धि के पाँच कारण बताएंगे, जो सांख्य शास्त्र के अनुसार हैं। ये कारण कर्म को सिद्धि तक पहुँचाने में महत्वपूर्ण होते हैं।"
    },
    {
        "chapterName": "मोक्षसंन्यासयोग",
        "chapterNumber": 18,
        "name": "श्लोक 18.14",
        "passage": "अधिष्ठानं तथा कर्ता करणं च पृथग्विधम् । विविधाश्च पृथक्चेष्टा दैवं चैवात्र पञ्चमम् ॥",
        "translation": "वह अधिष्ठान (शरीर), कर्ता (कार्यकर्ता), करण (इंद्रियाँ), भिन्न-भिन्न क्रियाएँ और दैव (ईश्वरीय शक्ति) ये पाँच कारण हैं।",
        "explanation": "कृष्ण ने यहाँ कर्म की सिद्धि के पाँच कारणों का वर्णन किया है - शरीर, कर्ता, इंद्रियाँ, विभिन्न क्रियाएँ और ईश्वरीय शक्ति। ये सभी कर्म को पूर्ण करने के लिए आवश्यक होते हैं।"
    },
    {
        "chapterName": "मोक्षसंन्यासयोग",
        "chapterNumber": 18,
        "name": "श्लोक 18.15",
        "passage": "शरीरवाङ्‍मनोभिर्यत्कर्म प्रारभते नरः । न्याय्यं वा विपरीतं वा पञ्चैते तस्य हेतवः ॥",
        "translation": "मनुष्य शरीर, वाणी और मन से जो भी कर्म करता है, चाहे वह न्याययुक्त हो या अन्यायपूर्ण, इन पाँच कारणों से ही वह संपन्न होता है।",
        "explanation": "मनुष्य जो भी कर्म करता है, वह इन पाँच कारणों की सहायता से ही पूर्ण होता है। चाहे वह कर्म धर्मसम्मत हो या इसके विपरीत, इन कारणों की भूमिका हमेशा रहती है।"
    },
    {
        "chapterName": "मोक्षसंन्यासयोग",
        "chapterNumber": 18,
        "name": "श्लोक 18.16",
        "passage": "तत्रैवं सति कर्तारमात्मानं केवलं तु यः । पश्यत्यकृतबुद्धित्वान्न स पश्यति दुर्मतिः ॥",
        "translation": "जो व्यक्ति अपनी अज्ञानता के कारण अपने आप को ही कर्ता मानता है, वह वास्तव में नहीं देखता, क्योंकि उसकी बुद्धि शुद्ध नहीं है।",
        "explanation": "जो व्यक्ति सोचता है कि केवल वह ही कार्य करता है और इस प्रक्रिया में अन्य कारणों की उपेक्षा करता है, उसकी बुद्धि अज्ञानता से घिरी होती है।"
    },
    {
        "chapterName": "मोक्षसंन्यासयोग",
        "chapterNumber": 18,
        "name": "श्लोक 18.17",
        "passage": "यस्यानहङ्कृतो भावो बुद्धिर्यस्य न लिप्यते । हत्वापि स इमाँल्लोकान्न हन्ति न निबध्यते ॥",
        "translation": "जिसके मन में अहंकार नहीं है और जिसकी बुद्धि दोषरहित है, वह भले ही सभी लोकों का संहार करे, वह वास्तव में न तो मारता है और न ही बंधन में पड़ता है।",
        "explanation": "जो व्यक्ति अहंकार से मुक्त है और जिसकी बुद्धि स्वच्छ है, वह भले ही युद्ध में भाग ले, वह कर्म के बंधन से मुक्त होता है।"
    },
    {
        "chapterName": "मोक्षसंन्यासयोग",
        "chapterNumber": 18,
        "name": "श्लोक 18.18",
        "passage": "ज्ञानं ज्ञेयं परिज्ञाता त्रिविधा कर्मचोदना । करणं कर्म कर्तेति त्रिविधः कर्मसंग्रहः ॥",
        "translation": "ज्ञान, ज्ञेय (जिसे जाना जाए), और ज्ञाता (जानने वाला) - ये तीनों कर्म की प्रेरणा हैं। इंद्रियाँ, कर्म और कर्ता - ये तीनों कर्म की प्रकृति हैं।",
        "explanation": "कृष्ण कर्म के तीन घटकों - ज्ञान, ज्ञेय और ज्ञाता - को कर्म के प्रेरक मानते हैं, जबकि इंद्रियाँ, कर्म और कर्ता कर्म की त्रिविध प्रकृति को दर्शाते हैं।"
    },
    {
        "chapterName": "मोक्षसंन्यासयोग",
        "chapterNumber": 18,
        "name": "श्लोक 18.19",
        "passage": "ज्ञानं कर्म च कर्ता च त्रिधैव गुणभेदतः । प्रोच्यते गुणसंख्याने यथावच्छृणु तान्यपि ॥",
        "translation": "ज्ञान, कर्म और कर्ता - ये तीनों गुणों के आधार पर तीन प्रकार के होते हैं। अब उनके गुण भेद के अनुसार मैं उन्हें समझाऊँगा, ध्यान से सुनो।",
        "explanation": "कृष्ण यहाँ अर्जुन को बताने वाले हैं कि कर्म, ज्ञान और कर्ता तीनों की श्रेणियाँ गुणों के आधार पर तीन प्रकार की होती हैं - सात्त्विक, राजसिक और तामसिक।"
    },
    {
        "chapterName": "मोक्षसंन्यासयोग",
        "chapterNumber": 18,
        "name": "श्लोक 18.20",
        "passage": "सर्वभूतेषु येनैकं भावमव्ययमीक्षते । अविभक्तं विभक्तेषु तज्ज्ञानं विद्धि सात्त्विकम् ॥",
        "translation": "वह ज्ञान, जिससे मनुष्य सभी प्राणियों में अविभाजित और अविनाशी तत्व को देखता है, उसे सात्त्विक ज्ञान कहा जाता है।",
        "explanation": "सात्त्विक ज्ञान वह है, जिसमें व्यक्ति सभी जीवों में एक ही अविनाशी तत्व को देखता है और इस तथ्य से अविभाज्य रूप से जुड़ा रहता है।"
    },
    {
        "chapterName": "मोक्षसंन्यासयोग",
        "chapterNumber": 18,
        "name": "श्लोक 18.21",
        "passage": "पृथक्त्वेन तु यज्ज्ञानं नानाभावान्पृथग्विधान् । वेत्ति सर्वेषु भूतेषु तज्ज्ञानं विद्धि राजसम् ॥",
        "translation": "जो ज्ञान सभी जीवों में भिन्नता और विभाजन देखता है, उसे राजसिक ज्ञान कहा जाता है।",
        "explanation": "राजसिक ज्ञान वह है, जिसमें व्यक्ति सभी प्राणियों को एक-दूसरे से अलग मानता है और उनमें विभाजन देखता है।"
    },
    {
        "chapterName": "मोक्षसंन्यासयोग",
        "chapterNumber": 18,
        "name": "श्लोक 18.22",
        "passage": "यत्तु कृत्स्नवदेकस्मिन्कार्ये सक्तमहैतुकम् । अति तुच्चं तदज्ञानं विद्धि तामसमुदाहृतम् ॥",
        "translation": "जो ज्ञान बिना कारण के एक ही कार्य में असत्य रूप से आसक्त है और जो अति तुच्छ है, उसे तामसिक ज्ञान कहा जाता है।",
        "explanation": "तामसिक ज्ञान वह होता है, जिसमें व्यक्ति एक तुच्छ कार्य में बिना किसी उद्देश्य के आसक्त रहता है और अन्य सभी वास्तविकताओं की उपेक्षा करता है।"
    },
    {
        "chapterName": "मोक्षसंन्यासयोग",
        "chapterNumber": 18,
        "name": "श्लोक 18.23",
        "passage": "नियतं सङ्गरहितमरागद्वेषतः कृतम् । अफलप्रेप्सुना कर्म यत्तत्सात्त्विकमुच्यते ॥",
        "translation": "जो कर्म नियत (निर्धारित) है, जो आसक्ति, राग और द्वेष से रहित है, और जिसे बिना फल की इच्छा के किया जाता है, वह सात्त्विक कर्म कहलाता है।",
        "explanation": "सात्त्विक कर्म वह है, जिसे बिना किसी स्वार्थ, आसक्ति और फल की इच्छा के किया जाता है और जो कर्तव्यबोध से प्रेरित होता है।"
    },
    {
        "chapterName": "मोक्षसंन्यासयोग",
        "chapterNumber": 18,
        "name": "श्लोक 18.24",
        "passage": "यत्तु कामेप्सुना कर्म साहङ्कारेण वा पुनः । क्रियते बहुलायासं तद्राजसमुदाहृतम् ॥",
        "translation": "जो कर्म अहंकार और कामना से प्रेरित होकर अत्यधिक परिश्रम से किया जाता है, उसे राजसिक कर्म कहा जाता है।",
        "explanation": "राजसिक कर्म वह है, जिसे व्यक्ति अपनी इच्छाओं की पूर्ति के लिए और अहंकारवश करता है, इसमें बहुत अधिक प्रयास लगता है और इसका उद्देश्य केवल फल प्राप्त करना होता है।"
    },
    {
        "chapterName": "मोक्षसंन्यासयोग",
        "chapterNumber": 18,
        "name": "श्लोक 18.25",
        "passage": "अनुबन्धं क्षयं हिंसामनपेक्ष्य च पौरुषम् । मोहादारभ्यते कर्म यत्तत्तामसमुच्यते ॥",
        "translation": "जो कर्म परिणाम, हानि, हिंसा, और सामर्थ्य की परवाह किए बिना, केवल अज्ञानता के कारण किया जाता है, वह तामसिक कर्म कहलाता है।",
        "explanation": "तामसिक कर्म वह है, जिसमें व्यक्ति परिणाम, हानि या किसी प्रकार की हिंसा की परवाह किए बिना केवल अज्ञानता या मोह से प्रेरित होकर कार्य करता है।"
    },
    {
        "chapterName": "मोक्षसंन्यासयोग",
        "chapterNumber": 18,
        "name": "श्लोक 18.26",
        "passage": "मुक्तसङ्गोऽनहंवादी धृत्युत्साहसमन्वितः । सिद्ध्यसिद्ध्योर्निर्विकारी कर्ता सात्त्विक उच्यते ॥",
        "translation": "जो व्यक्ति आसक्ति से मुक्त, अहंकार रहित, धैर्यवान और उत्साही है, और जो सफलता या असफलता से अप्रभावित रहता है, उसे सात्त्विक कर्ता कहा जाता है।",
        "explanation": "सात्त्विक कर्ता वह है, जो अपने कार्य में स्थिर, आसक्ति रहित और अहंकारविहीन होता है। वह अपने कार्य को धैर्य और उत्साह से करता है और परिणाम की परवाह नहीं करता।"
    },
    {
        "chapterName": "मोक्षसंन्यासयोग",
        "chapterNumber": 18,
        "name": "श्लोक 18.27",
        "passage": "रागी कर्मफलप्रेप्सुर्लुब्धो हिंसात्मकोऽशुचिः । हर्षशोकान्वितः कर्ता राजसः परिकीर्तितः ॥",
        "translation": "जो व्यक्ति आसक्त, कर्मफल की इच्छा रखने वाला, लोभी, हिंसक, और अपवित्र होता है, तथा हर्ष और शोक से प्रभावित होता है, उसे राजसिक कर्ता कहा जाता है।",
        "explanation": "राजसिक कर्ता वह है, जो अपने कार्यों के प्रति आसक्त होता है, फल की इच्छा करता है और लालच से प्रेरित होता है। वह अपने कार्यों से हिंसा और अशुद्धता को जन्म देता है, और सफलता या असफलता पर अत्यधिक हर्ष या शोक में डूब जाता है।"
    },
    {
        "chapterName": "मोक्षसंन्यासयोग",
        "chapterNumber": 18,
        "name": "श्लोक 18.28",
        "passage": "अयुक्तः प्राकृतः स्तब्धः शठो नैष्कृतिकोऽलसः । विषादी दीर्घसूत्री च कर्ता तामस उच्यते ॥",
        "translation": "जो व्यक्ति अव्यवस्थित, मूर्ख, हठी, कपटी, दुष्ट, आलसी, उदास और दीर्घसूत्री है, उसे तामसिक कर्ता कहा जाता है।",
        "explanation": "तामसिक कर्ता वह है, जो अपने कार्यों में असमर्थ, आलसी, कपटी और अव्यवस्थित होता है। वह हठी, शोकपूर्ण, और कार्यों को अनावश्यक रूप से लंबा खींचने वाला होता है।"
    },
    {
        "chapterName": "मोक्षसंन्यासयोग",
        "chapterNumber": 18,
        "name": "श्लोक 18.29",
        "passage": "बुद्धेर्भेदं धृतेश्चैव गुणतस्त्रिविधं शृणु । प्रोच्यमानमशेषेण पृथक्त्वेन धनञ्जय ॥",
        "translation": "हे धनञ्जय, अब मैं बुद्धि और धैर्य के गुणों के अनुसार तीन भेदों को विस्तारपूर्वक समझाऊँगा। सुनो।",
        "explanation": "कृष्ण अब अर्जुन को बुद्धि और धैर्य की श्रेणियों के गुणों के आधार पर तीन प्रकारों में वर्गीकृत करेंगे: सात्त्विक, राजसिक और तामसिक।"
    },
    {
        "chapterName": "मोक्षसंन्यासयोग",
        "chapterNumber": 18,
        "name": "श्लोक 18.30",
        "passage": "प्रवृत्तिं च निवृत्तिं च कार्याकार्ये भयाभये । बन्धं मोक्षं च या वेत्ति बुद्धिः सा पार्थ सात्त्विकी ॥",
        "translation": "हे पार्थ, जो बुद्धि प्रवृत्ति और निवृत्ति, क्या कर्तव्य है और क्या नहीं, भय और अभय, बंधन और मोक्ष को सही ढंग से समझती है, वह सात्त्विक बुद्धि कहलाती है।",
        "explanation": "सात्त्विक बुद्धि वह है, जो सही और गलत, कर्तव्य और अकर्तव्य, और बंधन तथा मोक्ष के बीच के भेद को स्पष्ट रूप से समझती है।"
    },
    {
        "chapterName": "मोक्षसंन्यासयोग",
        "chapterNumber": 18,
        "name": "श्लोक 18.31",
        "passage": "यया धर्ममधर्मं च कार्यं चाकार्यमेव च । अयथावत्प्रजानाति बुद्धिः सा पार्थ राजसी ॥",
        "translation": "हे पार्थ, जो बुद्धि धर्म और अधर्म, कर्तव्य और अकर्तव्य को ठीक से नहीं पहचानती, वह राजसिक बुद्धि कहलाती है।",
        "explanation": "राजसिक बुद्धि वह है, जो सही और गलत, धर्म और अधर्म के बीच के भेद को स्पष्ट रूप से नहीं पहचान पाती है और निर्णय में असमंजस में रहती है।"
    },
    {
        "chapterName": "मोक्षसंन्यासयोग",
        "chapterNumber": 18,
        "name": "श्लोक 18.32",
        "passage": "अधर्मं धर्ममिति या मन्यते तमसावृता । सर्वार्थान्विपरीतांश्च बुद्धिः सा पार्थ तामसी ॥",
        "translation": "हे पार्थ, जो बुद्धि अधर्म को धर्म और धर्म को अधर्म मानती है और सब कुछ उल्टा देखती है, वह तामसिक बुद्धि कहलाती है।",
        "explanation": "तामसिक बुद्धि वह है, जो सही को गलत और गलत को सही मानती है, और जो भ्रम और अज्ञान से आच्छादित रहती है।"
    },
    {
        "chapterName": "मोक्षसंन्यासयोग",
        "chapterNumber": 18,
        "name": "श्लोक 18.33",
        "passage": "धृत्या यया धारयते मनःप्राणेन्द्रियक्रियाः । योगेनाव्यभिचारिण्या धृतिः सा पार्थ सात्त्विकी ॥",
        "translation": "हे पार्थ, जो धैर्य मन, प्राण और इंद्रियों की क्रियाओं को अविचलित योग द्वारा स्थिर रखता है, वह सात्त्विक धैर्य कहलाता है।",
        "explanation": "सात्त्विक धैर्य वह है, जो योग और संयम द्वारा मन, प्राण और इंद्रियों को नियंत्रित करता है और स्थिर बनाए रखता है।"
    },
    {
        "chapterName": "मोक्षसंन्यासयोग",
        "chapterNumber": 18,
        "name": "श्लोक 18.34",
        "passage": "यया तु धर्मकामार्थान्धृत्या धारयतेऽर्जुन । प्रसङ्गेन फलाकाङ्क्षी धृतिः सा पार्थ राजसी ॥",
        "translation": "हे अर्जुन, जो धैर्य धर्म, काम और अर्थ के प्रति आसक्त होता है और फल की कामना से प्रेरित होता है, वह राजसिक धैर्य कहलाता है।",
        "explanation": "राजसिक धैर्य वह है, जिसमें व्यक्ति अपने कर्तव्यों को केवल फल की प्राप्ति के लिए करता है और भौतिक सुख-सुविधाओं के प्रति आसक्त रहता है।"
    },
    {
        "chapterName": "मोक्षसंन्यासयोग",
        "chapterNumber": 18,
        "name": "श्लोक 18.35",
        "passage": "यया स्वप्नं भयं शोकं विषादं मदमेव च । न विमुञ्चति दुर्मेधा धृतिः सा पार्थ तामसी ॥",
        "translation": "हे पार्थ, जो धैर्य स्वप्न, भय, शोक, विषाद और अहंकार को त्यागने में असमर्थ होता है, वह तामसिक धैर्य कहलाता है।",
        "explanation": "तामसिक धैर्य वह है, जिसमें व्यक्ति अपने मन में बसे भय, शोक, और अहंकार से मुक्त नहीं हो पाता और इसी कारण उसकी बुद्धि भी अव्यवस्थित रहती है।"
    },
    {
        "chapterName": "मोक्षसंन्यासयोग",
        "chapterNumber": 18,
        "name": "श्लोक 18.36",
        "passage": "सुखं त्विदानीं त्रिविधं शृणु मे भरतर्षभ । अभ्यासाद्रमते यत्र दुःखान्तं च निगच्छति ॥",
        "translation": "हे भरतश्रेष्ठ, अब तीन प्रकार के सुख को सुनो, जो अभ्यास के द्वारा प्राप्त होता है और जो अंत में दुःख को समाप्त करता है।",
        "explanation": "भगवान कृष्ण तीन प्रकार के सुखों की व्याख्या करते हैं। इनमें से एक ऐसा सुख है जो अभ्यास से प्राप्त होता है और जो अंततः सभी कष्टों का अंत कर देता है।"
    },
    {
        "chapterName": "मोक्षसंन्यासयोग",
        "chapterNumber": 18,
        "name": "श्लोक 18.37",
        "passage": "यत्तदग्रे विषमिव परिणामेऽमृतोपमम् । तत्सुखं सात्त्विकं प्रोक्तमात्मबुद्धिप्रसादजम् ॥",
        "translation": "जो सुख प्रारंभ में विष के समान और अंत में अमृत के समान हो, वह आत्मज्ञान से उत्पन्न होने वाला सात्त्विक सुख कहा गया है।",
        "explanation": "सात्त्विक सुख वह होता है, जो प्रारंभ में कठिन प्रतीत होता है, परंतु अंततः आत्मा को शांति और प्रसन्नता प्रदान करता है।"
    },
    {
        "chapterName": "मोक्षसंन्यासयोग",
        "chapterNumber": 18,
        "name": "श्लोक 18.38",
        "passage": "विषयेन्द्रियसंयोगाद्यत्तदग्रेऽमृतोपमम् । परिणामे विषमिव तत्सुखं राजसं स्मृतम् ॥",
        "translation": "जो सुख प्रारंभ में अमृत के समान प्रतीत होता है, परंतु अंत में विष के समान कष्टदायक होता है, वह इंद्रियों के विषयों से उत्पन्न राजसिक सुख कहा गया है।",
        "explanation": "राजसिक सुख वह है, जो प्रारंभ में सुखद लगता है, परंतु अंत में दुःख और कष्ट का कारण बनता है। यह इंद्रियों के विषयों में आसक्ति से उत्पन्न होता है।"
    },
    {
        "chapterName": "मोक्षसंन्यासयोग",
        "chapterNumber": 18,
        "name": "श्लोक 18.39",
        "passage": "यदग्रे चानुबन्धे च सुखं मोहनमात्मनः । निद्रालस्यप्रमादोत्थं तत्तामसमुदाहृतम् ॥",
        "translation": "जो सुख प्रारंभ में और अंत में आत्मा को मोहित करता है, और जो निद्रा, आलस्य और प्रमाद से उत्पन्न होता है, उसे तामसिक सुख कहा गया है।",
        "explanation": "तामसिक सुख वह है, जो आलस्य, प्रमाद और अज्ञान से उत्पन्न होता है। यह सुख आरंभ से अंत तक भ्रम में डालने वाला होता है और आत्मा के विकास में बाधा डालता है।"
    },
    {
        "chapterName": "मोक्षसंन्यासयोग",
        "chapterNumber": 18,
        "name": "श्लोक 18.40",
        "passage": "न तदस्ति पृथिव्यां वा दिवि देवेषु वा पुनः । सत्त्वं प्रकृतिजैर्मुक्तं यदेभिः स्यात्त्रिभिर्गुणैः ॥",
        "translation": "इस पृथ्वी पर या स्वर्ग में देवताओं के बीच कोई ऐसा प्राणी नहीं है, जो प्रकृति से उत्पन्न इन तीन गुणों से मुक्त हो।",
        "explanation": "भगवान कृष्ण बताते हैं कि इस संसार में कोई भी व्यक्ति या प्राणी तीन गुणों (सत्त्व, रजस, तमस) के प्रभाव से मुक्त नहीं है। यह तीन गुण प्रकृति के मूलभूत तत्व हैं।"
    },
    {
        "chapterName": "मोक्षसंन्यासयोग",
        "chapterNumber": 18,
        "name": "श्लोक 18.41",
        "passage": "ब्राह्मणक्षत्रियविशां शूद्राणां च परंतप । कर्माणि प्रविभक्तानि स्वभावप्रभवैर्गुणैः ॥",
        "translation": "हे परंतप, ब्राह्मणों, क्षत्रियों, वैश्य और शूद्रों के कर्म उनके स्वभाव से उत्पन्न गुणों के अनुसार विभाजित किए गए हैं।",
        "explanation": "कृष्ण यहां वर्णाश्रम व्यवस्था की व्याख्या करते हैं, जिसमें चार वर्णों के कर्म उनके स्वभाव और गुणों के आधार पर निर्धारित होते हैं। प्रत्येक वर्ण का अपना कर्तव्य और धर्म होता है।"
    },
    {
        "chapterName": "मोक्षसंन्यासयोग",
        "chapterNumber": 18,
        "name": "श्लोक 18.42",
        "passage": "शमो दमस्तपः शौचं क्षान्तिरार्जवमेव च । ज्ञानं विज्ञानमास्तिक्यं ब्रह्मकर्म स्वभावजम् ॥",
        "translation": "शांति, इंद्रिय-निग्रह, तप, शुद्धता, क्षमा, सरलता, ज्ञान, विज्ञान और आस्तिकता - ये सभी स्वाभाविक रूप से ब्राह्मण के कर्म हैं।",
        "explanation": "ब्राह्मणों के कर्म में शांति, तपस्या, शुद्धता, ज्ञान, और आध्यात्मिकता की प्रवृत्तियाँ होती हैं। ये गुण स्वाभाविक रूप से उनकी प्रकृति से उत्पन्न होते हैं।"
    },
    {
        "chapterName": "मोक्षसंन्यासयोग",
        "chapterNumber": 18,
        "name": "श्लोक 18.43",
        "passage": "शौर्यं तेजो धृतिर्दाक्ष्यं युद्धे चाप्यपलायनम् । दानमीश्वरभावश्च क्षात्रं कर्म स्वभावजम् ॥",
        "translation": "शौर्य, तेज, धैर्य, दक्षता, युद्ध में न भागना, दान और नेतृत्व की भावना - ये स्वाभाविक रूप से क्षत्रिय के कर्म हैं।",
        "explanation": "क्षत्रिय का कर्तव्य है कि वह वीरता, शक्ति, धैर्य, और नेतृत्व गुणों के साथ युद्ध करे और अपने राज्य और प्रजा की रक्षा करे। यह उनके स्वभाव का अभिन्न अंग है।"
    },
    {
        "chapterName": "मोक्षसंन्यासयोग",
        "chapterNumber": 18,
        "name": "श्लोक 18.44",
        "passage": "कृषिगौरक्ष्यवाणिज्यं वैश्यकर्म स्वभावजम् । परिचर्यात्मकं कर्म शूद्रस्यापि स्वभावजम् ॥",
        "translation": "कृषि, गौ-पालन और वाणिज्य वैश्य के स्वाभाविक कर्म हैं, जबकि सेवा और परिश्रम शूद्र के स्वाभाविक कर्म हैं।",
        "explanation": "वैश्य का कर्तव्य है कृषि, व्यापार, और पशुपालन करना, जबकि शूद्र का कर्तव्य है सेवा करना और परिश्रम द्वारा समाज में योगदान देना।"
    },
    {
        "chapterName": "मोक्षसंन्यासयोग",
        "chapterNumber": 18,
        "name": "श्लोक 18.45",
        "passage": "स्वे स्वे कर्मण्यभिरतः संसिद्धिं लभते नरः । स्वकर्मनिरतः सिद्धिं यथा विन्दति तच्छृणु ॥",
        "translation": "अपने-अपने कर्म में लगे हुए व्यक्ति पूर्णता को प्राप्त करते हैं। अब सुनो कि कैसे अपने कर्मों के द्वारा सिद्धि प्राप्त की जाती है।",
        "explanation": "भगवान कृष्ण कहते हैं कि यदि व्यक्ति अपने स्वाभाविक कर्तव्यों में लगा रहे, तो वह अंततः सफलता और पूर्णता प्राप्त कर सकता है।"
    },
    {
        "chapterName": "मोक्षसंन्यासयोग",
        "chapterNumber": 18,
        "name": "श्लोक 18.46",
        "passage": "यतः प्रवृत्तिर्भूतानां येन सर्वमिदं ततम् । स्वकर्मणा तमभ्यर्च्य सिद्धिं विन्दति मानवः ॥",
        "translation": "जिससे सभी प्राणियों की उत्पत्ति हुई है और जिससे यह समस्त ब्रह्मांड व्याप्त है, उसे अपने स्वभाविक कर्मों से पूजते हुए मनुष्य सिद्धि प्राप्त करता है।",
        "explanation": "कृष्ण बताते हैं कि जब व्यक्ति अपने कर्मों द्वारा उस परम सत्ता की आराधना करता है, जिसने पूरे ब्रह्मांड का सृजन किया, तो वह जीवन की पूर्णता प्राप्त कर लेता है।"
    },
    {
        "chapterName": "मोक्षसंन्यासयोग",
        "chapterNumber": 18,
        "name": "श्लोक 18.47",
        "passage": "श्रेयान्स्वधर्मो विगुणः परधर्मात्स्वनुष्ठितात् । स्वधर्मे निधनं श्रेयः परधर्मो भयावहः ॥",
        "translation": "स्वधर्म, चाहे वह अपूर्ण हो, परधर्म से अच्छा है। स्वधर्म में मरना भी श्रेष्ठ है, परधर्म का पालन भय उत्पन्न करता है।",
        "explanation": "कृष्ण कहते हैं कि अपने स्वाभाविक धर्म का पालन करना, चाहे उसमें कमियाँ क्यों न हों, हमेशा सुरक्षित और उचित है। दूसरों के धर्म का अनुसरण भयावह होता है।"
    },
    {
        "chapterName": "मोक्षसंन्यासयोग",
        "chapterNumber": 18,
        "name": "श्लोक 18.48",
        "passage": "सहजं कर्म कौन्तेय सदोषमपि न त्यजेत् । सर्वारम्भा हि दोषेण धूमेनाग्निरिवावृताः ॥",
        "translation": "हे कुन्तीपुत्र, स्वभाव से उत्पन्न कर्मों को दोषपूर्ण होते हुए भी नहीं त्यागना चाहिए। जैसे आग धुएं से ढकी होती है, वैसे ही सभी कार्यों में दोष होते हैं।",
        "explanation": "कृष्ण बताते हैं कि सभी कर्मों में कुछ दोष होते हैं, लेकिन फिर भी अपने स्वाभाविक कर्म को नहीं छोड़ना चाहिए, क्योंकि यह जीवन का एक अनिवार्य हिस्सा है।"
    },
    {
        "chapterName": "मोक्षसंन्यासयोग",
        "chapterNumber": 18,
        "name": "श्लोक 18.49",
        "passage": "असक्तबुद्धिः सर्वत्र जितात्मा विगतस्पृहः । नैष्कर्म्यसिद्धिं परमां संन्यासेनाधिगच्छति ॥",
        "translation": "जो व्यक्ति आसक्त नहीं है, जिसने अपनी आत्मा को जीत लिया है, और जिसकी इच्छाएँ समाप्त हो चुकी हैं, वह संन्यास के द्वारा नैष्कर्म्य सिद्धि प्राप्त करता है।",
        "explanation": "कृष्ण बताते हैं कि जब व्यक्ति आसक्ति और इच्छाओं से मुक्त हो जाता है, तभी वह संन्यास के माध्यम से कर्म-रहित सिद्धि या मुक्ति प्राप्त कर सकता है।"
    },
    {
        "chapterName": "मोक्षसंन्यासयोग",
        "chapterNumber": 18,
        "name": "श्लोक 18.50",
        "passage": "सिद्धिं प्राप्तो यथा ब्रह्म तथाप्नोति निबोध मे । समासेनैव कौन्तेय निष्ठा ज्ञानस्य या परा ॥",
        "translation": "हे कुन्तीपुत्र, अब सुनो कि कैसे सिद्धि प्राप्त करने वाला व्यक्ति ब्रह्म को प्राप्त करता है। मैं संक्षेप में ज्ञान की उस उच्चतम स्थिति का वर्णन करता हूँ।",
        "explanation": "भगवान अर्जुन से कहते हैं कि वह बताएंगे कि कैसे व्यक्ति ज्ञान और कर्म में सिद्धि प्राप्त करके परम ब्रह्म को प्राप्त करता है।"
    },
    {
        "chapterName": "मोक्षसंन्यासयोग",
        "chapterNumber": 18,
        "name": "श्लोक 18.51",
        "passage": "बुद्ध्या विशुद्धया युक्तो धृत्यात्मानं नियम्य च । शब्दादीन्विषयांस्त्यक्त्वा रागद्वेषौ व्युदस्य च ॥",
        "translation": "शुद्ध बुद्धि से युक्त होकर, धैर्यपूर्वक अपने मन को नियंत्रित करके, शब्द आदि इंद्रियों के विषयों को त्यागकर और राग-द्वेष को दूर करके व्यक्ति सिद्धि प्राप्त करता है।",
        "explanation": "कृष्ण बताते हैं कि ज्ञान प्राप्त करने वाला व्यक्ति अपनी बुद्धि को शुद्ध करता है, इच्छाओं और द्वेषों से मुक्त होकर आत्म-संयम के द्वारा मुक्ति की ओर अग्रसर होता है।"
    },
    {
        "chapterName": "मोक्षसंन्यासयोग",
        "chapterNumber": 18,
        "name": "श्लोक 18.52",
        "passage": "विविक्तसेवी लघ्वाशी यतवाक्कायमानसः । ध्यानयोगपरोनित्यं वैराग्यं समुपाश्रितः ॥",
        "translation": "जो एकांतप्रिय, अल्पाहारी, वाणी, शरीर और मन पर संयम रखने वाला, ध्यान योग में लगा रहता है और वैराग्य को अपना चुका है, वह सिद्धि प्राप्त करता है।",
        "explanation": "कृष्ण यहां ध्यान योग और वैराग्य के महत्व की चर्चा करते हैं। व्यक्ति को एकांत में ध्यान करना चाहिए, कम भोजन करना चाहिए, और इंद्रियों पर नियंत्रण रखते हुए वैराग्य को अपनाना चाहिए।"
    },
    {
        "chapterName": "मोक्षसंन्यासयोग",
        "chapterNumber": 18,
        "name": "श्लोक 18.53",
        "passage": "अहंकारं बलं दर्पं कामं क्रोधं परिग्रहम् । विमुच्य निर्ममः शान्तो ब्रह्मभूयाय कल्पते ॥",
        "translation": "जो अहंकार, बल, अभिमान, कामना, क्रोध और संग्रह को त्याग चुका है, जो 'मेरा' की भावना से मुक्त और शांत है, वह ब्रह्मभाव को प्राप्त करने के योग्य हो जाता है।",
        "explanation": "कृष्ण बताते हैं कि जब व्यक्ति सभी नकारात्मक भावनाओं और आसक्तियों को त्याग देता है, तो वह ब्रह्मभाव यानी दिव्यता और मुक्ति की ओर अग्रसर हो जाता है।"
    },
    {
        "chapterName": "मोक्षसंन्यासयोग",
        "chapterNumber": 18,
        "name": "श्लोक 18.54",
        "passage": "ब्रह्मभूतः प्रसन्नात्मा न शोचति न काङ्क्षति । समः सर्वेषु भूतेषु मद्भक्तिं लभते पराम् ॥",
        "translation": "ब्रह्मभाव को प्राप्त व्यक्ति प्रसन्नचित्त होता है, वह न शोक करता है और न ही किसी वस्तु की कामना करता है। वह सभी प्राणियों में समान भाव रखता है और मेरी भक्ति को प्राप्त करता है।",
        "explanation": "कृष्ण कहते हैं कि ब्रह्मभाव को प्राप्त व्यक्ति दुख और इच्छाओं से मुक्त हो जाता है। वह सभी जीवों के प्रति समता का भाव रखता है और भगवान की भक्ति को प्राप्त करता है।"
    },
    {
        "chapterName": "मोक्षसंन्यासयोग",
        "chapterNumber": 18,
        "name": "श्लोक 18.55",
        "passage": "भक्त्या मामभिजानाति यावान्यश्चास्मि तत्त्वतः । ततो मां तत्त्वतो ज्ञात्वा विशते तदनन्तरम् ॥",
        "translation": "मेरी भक्ति से ही मनुष्य मुझे तात्त्विक रूप से जान सकता है कि मैं कौन हूँ। मुझे इस प्रकार जानकर वह तत्क्षण मेरे स्वरूप में प्रवेश करता है।",
        "explanation": "भगवान बताते हैं कि भक्तिभाव से व्यक्ति उन्हें उनके वास्तविक रूप में समझ सकता है और उन्हें जानकर वह उनके दिव्य स्वरूप में लीन हो जाता है।"
    },
    {
        "chapterName": "मोक्षसंन्यासयोग",
        "chapterNumber": 18,
        "name": "श्लोक 18.56",
        "passage": "सर्वकर्माण्यपि सदा कुर्वाणो मद्व्यपाश्रयः । मत्प्रसादादवाप्नोति शाश्वतं पदमव्ययम् ॥",
        "translation": "सभी कर्म करते हुए भी जो मेरा आश्रय लेते हैं, वे मेरी कृपा से शाश्वत और अविनाशी पद को प्राप्त करते हैं।",
        "explanation": "कृष्ण कहते हैं कि भले ही व्यक्ति अपने सभी कर्तव्यों का पालन करे, यदि वह भगवान का आश्रय लेता है, तो उसकी कृपा से वह मुक्ति प्राप्त करता है।"
    },
    {
        "chapterName": "मोक्षसंन्यासयोग",
        "chapterNumber": 18,
        "name": "श्लोक 18.57",
        "passage": "चेतसा सर्वकर्माणि मयि संन्यस्य मत्परः । बुद्धियोगमुपाश्रित्य मच्चित्तः सततं भव ॥",
        "translation": "मन से सभी कर्मों को मुझमें अर्पित करके, मुझमें ही मन लगाकर, बुद्धियोग का आश्रय लेते हुए सदैव मेरे प्रति समर्पित रहो।",
        "explanation": "कृष्ण अर्जुन से कहते हैं कि अपने सभी कार्यों को भगवान में समर्पित करके और बुद्धियोग का पालन करते हुए उसे मन से स्मरण करें, जिससे व्यक्ति मुक्ति प्राप्त करता है।"
    },
    {
        "chapterName": "मोक्षसंन्यासयोग",
        "chapterNumber": 18,
        "name": "श्लोक 18.58",
        "passage": "मच्चित्तः सर्वदुर्गाणि मत्प्रसादात्तरिष्यसि । अथ चेत्त्वमहंकारान्न श्रोष्यसि विनङ्क्ष्यसि ॥",
        "translation": "यदि तुम मेरे प्रति समर्पित रहोगे, तो मेरी कृपा से सभी संकटों को पार कर लोगे। लेकिन अगर तुम अहंकारवश मेरी बात नहीं सुनोगे, तो नष्ट हो जाओगे।",
        "explanation": "कृष्ण चेतावनी देते हैं कि जो व्यक्ति भगवान का अनुसरण करता है, वह सभी संकटों को पार कर जाता है, लेकिन अहंकार से प्रेरित होकर भगवान की अवहेलना करने से वह पतन की ओर अग्रसर होता है।"
    },
    {
        "chapterName": "मोक्षसंन्यासयोग",
        "chapterNumber": 18,
        "name": "श्लोक 18.59",
        "passage": "यदहंकारमाश्रित्य न योत्स्य इति मन्यसे । मिथ्यैष व्यवसायस्ते प्रकृतिस्त्वां नियोक्ष्यति ॥",
        "translation": "यदि तुम अहंकार के कारण यह सोचते हो कि मैं युद्ध नहीं करूंगा, तो यह तुम्हारा मिथ्या विचार है। तुम्हारी प्रकृति तुम्हें इसके लिए बाध्य करेगी।",
        "explanation": "कृष्ण अर्जुन से कहते हैं कि यदि वह अपने अहंकार के कारण युद्ध करने से इंकार करता है, तो भी उसकी स्वाभाविक प्रवृत्ति उसे कर्म करने के लिए बाध्य करेगी।"
    },
    {
        "chapterName": "मोक्षसंन्यासयोग",
        "chapterNumber": 18,
        "name": "श्लोक 18.60",
        "passage": "स्वभावजेन कौन्तेय निबद्धः स्वेन कर्मणा । कर्तुं नेच्छसि यन्मोहात्करिष्यस्यवशोऽपि तत् ॥",
        "translation": "हे कुन्तीपुत्र! तुम अपने स्वभावजनित कर्मों से बंधे हो, और जो मोह के कारण तुम नहीं करना चाहते हो, वह भी तुम अवश्य करोगे।",
        "explanation": "कृष्ण बताते हैं कि व्यक्ति अपने स्वभाव से उत्पन्न कर्तव्यों से बंधा होता है, और भले ही वह मोहवश उन्हें करने से मना करे, फिर भी अंततः उसे उन्हें करना ही पड़ेगा।"
    },
    {
        "chapterName": "मोक्षसंन्यासयोग",
        "chapterNumber": 18,
        "name": "श्लोक 18.61",
        "passage": "ईश्वरः सर्वभूतानां हृद्देशेऽर्जुन तिष्ठति । भ्रामयन्सर्वभूतानि यन्त्रारूढानि मायया ॥",
        "translation": "हे अर्जुन! परमात्मा सभी जीवों के हृदय में स्थित हैं और अपनी माया से सभी प्राणियों को यंत्रवत् घुमा रहे हैं।",
        "explanation": "कृष्ण बताते हैं कि भगवान सभी प्राणियों के हृदय में स्थित रहते हैं और अपनी माया के प्रभाव से उन्हें संसार के चक्र में घुमाते रहते हैं।"
    },
    {
        "chapterName": "मोक्षसंन्यासयोग",
        "chapterNumber": 18,
        "name": "श्लोक 18.62",
        "passage": "तमेव शरणं गच्छ सर्वभावेन भारत । तत्प्रसादात्परां शान्तिं स्थानं प्राप्स्यसि शाश्वतम् ॥",
        "translation": "हे भारत! पूरी भक्ति के साथ उस परमात्मा की शरण में जाओ। उसकी कृपा से तुम परम शांति और शाश्वत स्थान प्राप्त करोगे।",
        "explanation": "कृष्ण अर्जुन को परमात्मा की शरण में जाने की सलाह देते हैं, जिससे व्यक्ति उनकी कृपा से परम शांति और मोक्ष प्राप्त कर सकता है।"
    },
    {
        "chapterName": "मोक्षसंन्यासयोग",
        "chapterNumber": 18,
        "name": "श्लोक 18.63",
        "passage": "इति ते ज्ञानमाख्यातं गुह्याद्गुह्यतरं मया । विमृश्यैतदशेषेण यथेच्छसि तथा कुरु ॥",
        "translation": "मैंने तुम्हें इस अत्यंत गोपनीय ज्ञान को बताया है। अब इसे भली-भांति विचार कर, जो तुम्हें उचित लगे, वह करो।",
        "explanation": "कृष्ण कहते हैं कि उन्होंने अर्जुन को गोपनीय ज्ञान दिया है, और अब यह अर्जुन पर निर्भर है कि वह इसे समझे और अपनी इच्छा से निर्णय ले।"
    },
    {
        "chapterName": "मोक्षसंन्यासयोग",
        "chapterNumber": 18,
        "name": "श्लोक 18.64",
        "passage": "सर्वगुह्यतमं भूयः श्रृणु मे परमं वचः । इष्टोऽसि मे दृढमिति ततो वक्ष्यामि ते हितम् ॥",
        "translation": "अब तुम फिर से मेरा परम गोपनीय वचन सुनो, क्योंकि तुम मेरे अत्यंत प्रिय हो, इसलिए मैं तुम्हारे हित की बात कहता हूँ।",
        "explanation": "कृष्ण अर्जुन से कहते हैं कि वह उसके अत्यंत प्रिय हैं, इसलिए वह उसे फिर से सर्वोत्तम और गोपनीय ज्ञान प्रदान करने जा रहे हैं, जिससे उसका कल्याण हो।"
    },
    {
        "chapterName": "मोक्षसंन्यासयोग",
        "chapterNumber": 18,
        "name": "श्लोक 18.65",
        "passage": "मन्मना भव मद्भक्तो मद्याजी मां नमस्कुरु । मामेवैष्यसि सत्यं ते प्रतिजाने प्रियोऽसि मे ॥",
        "translation": "मेरा स्मरण करो, मेरे भक्त बनो, मेरी पूजा करो और मुझे प्रणाम करो। तुम निश्चित रूप से मेरे पास आओगे, क्योंकि तुम मेरे प्रिय हो, यह मेरा वचन है।",
        "explanation": "कृष्ण अर्जुन से कहते हैं कि यदि वह भगवान को स्मरण करता है, उनकी भक्ति करता है, पूजा करता है और प्रणाम करता है, तो वह निश्चित रूप से भगवान के पास पहुँचेगा, क्योंकि वह उसे अत्यंत प्रिय है।"
    },
    {
        "chapterName": "मोक्षसंन्यासयोग",
        "chapterNumber": 18,
        "name": "श्लोक 18.66",
        "passage": "सर्वधर्मान्परित्यज्य मामेकं शरणं व्रज । अहं त्वां सर्वपापेभ्यो मोक्षयिष्यामि मा शुचः ॥",
        "translation": "सभी धर्मों को त्याग कर केवल मेरी शरण में आओ। मैं तुम्हें सभी पापों से मुक्त कर दूंगा, चिंता मत करो।",
        "explanation": "कृष्ण अर्जुन को सभी धर्मों और कर्तव्यों को त्यागने और पूरी भक्ति के साथ उनकी शरण में आने का उपदेश देते हैं, और विश्वास दिलाते हैं कि वह उसे सभी पापों से मुक्त करेंगे।"
    },
    {
        "chapterName": "मोक्षसंन्यासयोग",
        "chapterNumber": 18,
        "name": "श्लोक 18.67",
        "passage": "इदं ते नातपस्काय नाभक्ताय कदाचन । न चाशुश्रूषवे वाच्यं न च मां योऽभ्यसूयति ॥",
        "translation": "यह ज्ञान कभी भी तपश्चर्या न करने वाले, भक्तिहीन, सुनने की इच्छा न रखने वाले, या मुझसे द्वेष करने वाले व्यक्ति को न बताओ।",
        "explanation": "कृष्ण इस ज्ञान को केवल योग्य और भक्तिपूर्ण व्यक्तियों को देने का निर्देश देते हैं, जो इसे समझने और ग्रहण करने के लिए तैयार हैं।"
    },
    {
        "chapterName": "मोक्षसंन्यासयोग",
        "chapterNumber": 18,
        "name": "श्लोक 18.68",
        "passage": "य इमं परमं गुह्यं मद्भक्तेष्वभिधास्यति । भक्तिं मयि परां कृत्वा मामेवैष्यत्यसंशयः ॥",
        "translation": "जो इस परम गोपनीय ज्ञान को मेरे भक्तों के बीच प्रसारित करेगा, वह मुझमें सर्वोच्च भक्ति प्राप्त करेगा और निःसंदेह मेरे पास आएगा।",
        "explanation": "कृष्ण कहते हैं कि जो व्यक्ति इस गूढ़ ज्ञान का प्रचार करता है, वह भगवान के प्रति सर्वोच्च भक्ति प्राप्त करता है और भगवान तक पहुंचता है।"
    },
    {
        "chapterName": "मोक्षसंन्यासयोग",
        "chapterNumber": 18,
        "name": "श्लोक 18.69",
        "passage": "न च तस्मान्मनुष्येषु कश्चिन्मे प्रियकृत्तमः । भविता न च मे तस्मादन्यः प्रियतरो भुवि ॥",
        "translation": "इस संसार में उस व्यक्ति से बढ़कर कोई प्रिय नहीं है, जो इस ज्ञान का प्रचार करता है। मेरे लिए कोई दूसरा उससे अधिक प्रिय नहीं है।",
        "explanation": "कृष्ण इस बात पर जोर देते हैं कि जो उनके गूढ़ ज्ञान को प्रचारित करता है, वह इस संसार में सबसे प्रिय व्यक्ति है और भगवान के हृदय में विशेष स्थान रखता है।"
    },
    {
        "chapterName": "मोक्षसंन्यासयोग",
        "chapterNumber": 18,
        "name": "श्लोक 18.70",
        "passage": "अध्येष्यते च य इमं धर्म्यं संवादमावयोः । ज्ञानयज्ञेन तेनाहमिष्टः स्यामिति मे मतिः ॥",
        "translation": "जो कोई हमारे इस धार्मिक संवाद का अध्ययन करेगा, वह ज्ञान-यज्ञ द्वारा मुझे पूजता है, यह मेरा मत है।",
        "explanation": "कृष्ण कहते हैं कि जो व्यक्ति गीता का अध्ययन करता है, वह ज्ञान-यज्ञ के रूप में भगवान की पूजा करता है, और यह उनके लिए सबसे उत्तम भक्ति का तरीका है।"
    },
    {
        "chapterName": "मोक्षसंन्यासयोग",
        "chapterNumber": 18,
        "name": "श्लोक 18.71",
        "passage": "श्रद्धावाननसूयश्च श्रृणुयादपि यो नरः । सोऽपि मुक्तः शुभाँल्लोकान्प्राप्नुयात्पुण्यकर्मणाम् ॥",
        "translation": "जो व्यक्ति श्रद्धा के साथ और बिना द्वेष के इस संवाद को सुनेगा, वह भी पापों से मुक्त होकर पुण्यात्माओं के शुभ लोकों को प्राप्त करेगा।",
        "explanation": "कृष्ण बताते हैं कि जो व्यक्ति श्रद्धा और सम्मान के साथ गीता के उपदेश को सुनता है, वह भी पवित्रता प्राप्त कर मोक्ष के पथ पर अग्रसर होता है।"
    },
    {
        "chapterName": "मोक्षसंन्यासयोग",
        "chapterNumber": 18,
        "name": "श्लोक 18.72",
        "passage": "कच्चिदेतच्छ्रुतं पार्थ त्वयैकाग्रेण चेतसा । कच्चिदज्ञानसंमोहः प्रनष्टस्ते धनंजय ॥",
        "translation": "हे पार्थ! क्या तुमने यह सब एकाग्रचित्त होकर सुना? हे धनंजय! क्या तुम्हारा अज्ञान और मोह समाप्त हो गया?",
        "explanation": "कृष्ण अंत में अर्जुन से पूछते हैं कि क्या उसने उनका उपदेश एकाग्रचित्त होकर सुना और क्या उसके सभी संशय और भ्रम समाप्त हो गए।"
    },
    {
        "chapterName": "मोक्षसंन्यासयोग",
        "chapterNumber": 18,
        "name": "श्लोक 18.73",
        "passage": "अर्जुन उवाच । नष्टो मोहः स्मृतिर्लब्धा त्वत्प्रसादान्मयाच्युत । स्थितोऽस्मि गतसन्देहः करिष्ये वचनं तव ॥",
        "translation": "अर्जुन ने कहा: हे अच्युत! मेरी स्मृति लौट आई है और मेरा मोह नष्ट हो गया है। मैं अब स्थिर हूं और संदेह से मुक्त हूं। मैं आपके वचन का पालन करूंगा।",
        "explanation": "अर्जुन ने स्वीकार किया कि भगवान की कृपा से उसका भ्रम और मोह समाप्त हो गया है, और वह अब दृढ़ निश्चय के साथ युद्ध करने के लिए तैयार है।"
    },
    {
        "chapterName": "मोक्षसंन्यासयोग",
        "chapterNumber": 18,
        "name": "श्लोक 18.74",
        "passage": "सञ्जय उवाच । इत्यहं वासुदेवस्य पार्थस्य च महात्मनः । संवादमिममश्रौषमद्भुतं रोमहर्षणम् ॥",
        "translation": "संजय ने कहा: इस प्रकार मैंने वासुदेव और महान आत्मा पार्थ के बीच इस अद्भुत और रोमांचकारी संवाद को सुना।",
        "explanation": "संजय, जो धृतराष्ट्र के लिए गीता का संवाद सुनाते हैं, अब इस अद्भुत और उत्थानकारी संवाद के अंत की घोषणा करते हैं, जिसे सुनकर उन्हें भी प्रेरणा मिली।"
    },
    {
        "chapterName": "मोक्षसंन्यासयोग",
        "chapterNumber": 18,
        "name": "श्लोक 18.75",
        "passage": "व्यासप्रसादाच्छ्रुतवानेतद्गुह्यमहं परम् । योगं योगेश्वरात्कृष्णात्साक्षात्कथयतः स्वयम् ॥",
        "translation": "मैंने यह परम गोपनीय योग भगवान श्रीकृष्ण से स्वयं सुना, जो योगेश्वर हैं, और यह सब मुझे व्यासजी की कृपा से सुनने को मिला।",
        "explanation": "संजय बताते हैं कि महर्षि व्यास की कृपा से उन्हें भगवान कृष्ण और अर्जुन के बीच हुए इस महान संवाद को सुनने का सौभाग्य प्राप्त हुआ।"
    },
    {
        "chapterName": "मोक्षसंन्यासयोग",
        "chapterNumber": 18,
        "name": "श्लोक 18.76",
        "passage": "राजन् संजयं वाचः श्रुत्वा तद्गुह्यं परमम् । योगं योगेश्वरात्कृष्णाद्दिव्यं वाक्यं प्रहासतः ॥",
        "translation": "राजन! संजय ने कहा: इस अद्भुत परम गूढ़ योग का श्रवण कर मैंने भगवान कृष्ण के दिव्य वाक्य सुने।",
        "explanation": "संजय भगवान कृष्ण के दिव्य उपदेशों को सुनकर उनकी महानता और अद्भुतता का बखान करते हैं।"
    },
    {
        "chapterName": "मोक्षसंन्यासयोग",
        "chapterNumber": 18,
        "name": "श्लोक 18.77",
        "passage": "कृष्णं च पार्थं चैव तत्त्वतो ज्ञाय सर्वतः । ममाप्राप्य गतिमन्यं हि कार्यं तद्विपदाम् ॥",
        "translation": "मैंने समझा कि कृष्ण और पार्थ का तत्त्व से ज्ञान प्राप्त कर मैं अन्य किसी गति को प्राप्त नहीं कर सकता।",
        "explanation": "संजय कृष्ण और अर्जुन के ज्ञान की गहराई को समझते हैं और महसूस करते हैं कि इसे पाने के बाद कोई अन्य मार्ग की आवश्यकता नहीं।"
    },
    {
        "chapterName": "मोक्षसंन्यासयोग",
        "chapterNumber": 18,
        "name": "श्लोक 18.78",
        "passage": "यत्र योगेश्वरः कृष्णो यत्र पार्थो धनुर्धरः । तत्र श्रीर्विजयो भूतिर्ध्रुवा नीतिर्मतिर्मम ॥",
        "translation": "जहां योगेश्वर कृष्ण हैं और जहां धनुर्धर पार्थ हैं, वहां विजय, समृद्धि, और स्थायी नीति है।",
        "explanation": "संजय इस बात की पुष्टि करते हैं कि जहां कृष्ण और अर्जुन होते हैं, वहां सदैव विजय और सुख की प्राप्ति होती है।"
    }
]