{
  "id": 1,
  "title": "Canned Goods",
  "description": "Canned items such as vegetables, fruits, meats, and soups",
  "sectionCount": 5,
  "tags": [
    "Canned food",
    "Non-perishable"
  ],
  "sections": [
    {
      "id": "1",
      "title": "1.1 : Canned Goods",
      "content": "Canned goods are a type of non-perishable food that can be stored for a long time without refrigeration. They are commonly used in grocery lists and are a staple in many households. Canned items such as vegetables, fruits, meats, and soups are popular choices due to their long shelf life and ease of storage. Some examples of canned goods include beans, corn, peas, and tuna. They are also used in a variety of recipes, such as stews and soups, and can be a convenient option for meal planning. According to the United States Department of Agriculture (USDA), canned goods can be a nutritious and affordable option for people with limited access to fresh produce.",
      "type": "intro",
      "subsections": []
    },
    {
      "id": "2",
      "title": "1.2 : Canned Goods",
      "content": "Canned goods are a staple in many households due to their long shelf life and ease of storage. They are commonly used in grocery lists and can be a convenient option for meal planning. Some examples of canned goods include beans, corn, peas, and tuna. They are also used in a variety of recipes, such as stews and soups. According to the United States Department of Agriculture (USDA), canned goods can be a nutritious and affordable option for people with limited access to fresh produce. Additionally, canned goods can be used to make a variety of dishes, such as chili, stew, and salad.",
      "type": "default",
      "subsections": []
    },
    {
      "id": "3",
      "title": "1.3 : Canned Goods",
      "content": "Canned goods are a staple in many households due to their long shelf life and ease of storage. They are commonly used in grocery lists and can be a convenient option for meal planning. Some examples of canned goods include beans, corn, peas, and tuna. They are also used in a variety of recipes, such as stews and soups. According to the United States Department of Agriculture (USDA), canned goods can be a nutritious and affordable option for people with limited access to fresh produce. Additionally, canned goods can be used to make a variety of dishes, such as chili, stew, and salad. Canned vegetables and fruits are also a good source of essential vitamins and minerals, making them a healthy addition to a balanced diet.",
      "type": "default",
      "subsections": []
    },
    {
      "id": "4",
      "title": "1.4 : Canned Goods",
      "content": "Canned goods are a staple in many households due to their long shelf life and ease of storage. They are commonly used in grocery lists and can be a convenient option for meal planning. Some examples of canned goods include beans, corn, peas, and tuna. They are also used in a variety of recipes, such as stews and soups. According to the United States Department of Agriculture (USDA), canned goods can be a nutritious and affordable option for people with limited access to fresh produce. Additionally, canned goods can be used to make a variety of dishes, such as chili, stew, and salad. Canned vegetables and fruits are also a good source of essential vitamins and minerals, making them a healthy addition to a balanced diet.",
      "type": "default",
      "subsections": []
    },
    {
      "id": "5",
      "title": "1.5 : Canned Goods",
      "content": "Canned goods are a staple in many households due to their long shelf life and ease of storage. They are commonly used in grocery lists and can be a convenient option for meal planning. Some examples of canned goods include beans, corn, peas, and tuna. They are also used in a variety of recipes, such as stews and soups. According to the United States Department of Agriculture (USDA), canned goods can be a nutritious and affordable option for people with limited access to fresh produce. Additionally, canned goods can be used to make a variety of dishes, such as chili, stew, and salad. Canned vegetables and fruits are also a good source of essential vitamins and minerals, making them a healthy addition to a balanced diet.",
      "type": "default",
      "subsections": []
    }
  ]
}