{
  "id": 2,
  "title": "Baking Supplies",
  "description": "Baking ingredients such as flour, sugar, and baking powder",
  "sectionCount": 3,
  "tags": [
    "Baking",
    "Pantry"
  ],
  "sections": [
    {
      "id": "1",
      "title": "2.1 : Baking Supplies",
      "content": "Baking supplies are essential ingredients used in baking. They include flour, sugar, baking powder, and other dry ingredients. Flour is a staple in baking and is used to make bread, cakes, and pastries. Sugar adds sweetness and tenderness to baked goods, while baking powder helps to leaven and rise bread and other baked items. Other common baking supplies include butter, eggs, and vanilla extract. These ingredients can be found in most grocery stores and are used in a variety of recipes, from simple cookies to complex cakes and breads.",
      "type": "intro",
      "subsections": []
    },
    {
      "id": "2",
      "title": "2.2 : Baking Supplies",
      "content": "Baking supplies include dry ingredients such as flour, sugar, and baking powder. Flour is a staple in baking and is used to make bread, cakes, and pastries. Sugar adds sweetness and tenderness to baked goods, while baking powder helps to leaven and rise bread and other baked items. Other common baking supplies include butter, eggs, and vanilla extract. These ingredients can be found in most grocery stores and are used in a variety of recipes, from simple cookies to complex cakes and breads. Some popular types of flour include all-purpose flour, bread flour, and cake flour.",
      "type": "default",
      "subsections": []
    },
    {
      "id": "3",
      "title": "2.3 : Baking Supplies Continued",
      "content": "Baking supplies also include leavening agents, such as baking soda and cream of tartar, which help to react with acidic ingredients and produce carbon dioxide gas. Other common baking supplies include salt, which enhances flavors and helps to control yeast growth, and flavorings, such as extracts and spices, which add taste and aroma to baked goods. Some popular types of flour include all-purpose flour, bread flour, and cake flour, each with its own unique characteristics and uses.",
      "type": "default",
      "subsections": []
    }
  ]
}