{
  "id": 3,
  "title": "Pantry Staples",
  "description": "Rice, pasta, and other staple foods",
  "sectionCount": 4,
  "tags": [
    "Pantry",
    "Grains"
  ],
  "sections": [
    {
      "id": "1",
      "title": "3.1 : Pantry Staples",
      "content": "Pantry staples are essential items that are commonly stored in a pantry and used in cooking and baking. They include rice, pasta, canned goods, baking supplies, and other non-perishable items. These staples are often used as a base for meals and can be combined with other ingredients to create a variety of dishes. Some examples of pantry staples include rice, pasta, canned tomatoes, beans, and grains like oats and quinoa.",
      "type": "intro",
      "subsections": []
    },
    {
      "id": "2",
      "title": "3.2 : Pantry Staples",
      "content": "Pantry staples are essential items that are commonly stored in a pantry and used in cooking and baking. They include rice, pasta, canned goods, baking supplies, and other non-perishable items. These staples are often used as a base for meals and can be combined with other ingredients to create a variety of dishes. Some examples of pantry staples include rice, pasta, canned tomatoes, beans, and grains like oats and quinoa. Pantry staples can help reduce food waste and save time in meal planning and preparation.",
      "type": "default",
      "subsections": []
    },
    {
      "id": "3",
      "title": "3.3 : Pantry Staples",
      "content": "Pantry staples are essential items that are commonly stored in a pantry and used in cooking and baking. They include rice, pasta, canned goods, baking supplies, and other non-perishable items. These staples are often used as a base for meals and can be combined with other ingredients to create a variety of dishes. Some examples of pantry staples include rice, pasta, canned tomatoes, beans, and grains like oats and quinoa. Pantry staples can help reduce food waste and save time in meal planning and preparation.\n\nIn addition to the above-mentioned items, other common pantry staples include oils, spices, and condiments. These items can add flavor and nutrition to a variety of dishes, and can be used to make a wide range of recipes. By stocking up on pantry staples, individuals can ensure that they have the ingredients they need to cook healthy and delicious meals.",
      "type": "default",
      "subsections": []
    },
    {
      "id": "4",
      "title": "3.4 : Types of Pantry Staples",
      "content": "Pantry staples can be categorized into several types, including grains, canned goods, baking supplies, and oils. Grains such as rice, pasta, and cereals are staple pantry items that can be used in a variety of dishes. Canned goods such as beans, tomatoes, and vegetables are also common pantry staples. Baking supplies like flour, sugar, and baking powder are essential for baking and cooking. Oils such as olive oil and coconut oil are used for cooking and adding flavor to dishes.\n\nIn addition to these categories, pantry staples can also include spices, condiments, and snacks. Spices like salt, pepper, and herbs can add flavor to dishes, while condiments like ketchup and mustard can be used as toppings or ingredients. Snacks like nuts, dried fruits, and energy bars can be stored in the pantry for quick energy boosts.\n\nBy understanding the different types of pantry staples, individuals can plan their meals and grocery shopping more effectively, and ensure that they have the ingredients they need to cook healthy and delicious meals.",
      "type": "default",
      "subsections": []
    }
  ]
}