{
  "id": 4,
  "title": "Snacks",
  "description": "Non-perishable snack items such as nuts, dried fruits, and energy bars",
  "sectionCount": 2,
  "tags": [
    "Snacks",
    "Non-perishable"
  ],
  "sections": [
    {
      "id": "1",
      "title": "4.1 : Snacks",
      "content": "Snacks are non-perishable food items that can be easily stored and consumed. They are an essential part of a healthy diet and can provide a quick energy boost. Some common snack items include nuts, dried fruits, energy bars, and crackers. Nuts like almonds and walnuts are rich in healthy fats and protein, while dried fruits like raisins and apricots are a good source of fiber and antioxidants.\n\nEnergy bars are a popular snack option for those on-the-go. They are often made with a combination of grains, nuts, and dried fruits, and can provide a quick burst of energy. Crackers, on the other hand, are a simple snack that can be paired with a variety of toppings such as cheese, peanut butter, or hummus.\n\nIncorporating snacks into your diet can help to keep you full and satisfied between meals, and can also provide a convenient way to get essential nutrients and energy.",
      "type": "intro",
      "subsections": []
    },
    {
      "id": "2",
      "title": "4.2 : Non-Perishable Snack Items",
      "content": "Non-perishable snack items are a great option for those who want to stock up on food that can be easily stored and consumed. Some popular non-perishable snack items include:\n\n  * Nuts (almonds, walnuts, pecans)\n  * Dried fruits (raisins, apricots, cranberries)\n  * Energy bars (Clif Bars, granola bars)\n  * Crackers (saltines, wheat thins)\n  * Canned goods (beans, tuna, soup)\n\nThese snack items are all great options for a quick energy boost and can be easily stored in a pantry or cupboard.",
      "type": "default",
      "subsections": []
    }
  ]
}