{
  "id": 5,
  "title": "Beverages",
  "description": "Canned and bottled beverages such as juice, soda, and water",
  "sectionCount": 3,
  "tags": [
    "Beverages",
    "Canned drinks"
  ],
  "sections": [
    {
      "id": "1",
      "title": "5.1 : Beverages",
      "content": "Beverages are an essential part of a well-stocked pantry. Canned and bottled beverages are a great option for those who want to stock up on drinks that can be easily stored and consumed. Some popular canned and bottled beverages include:\n\n  * Juice (orange, apple, cranberry)\n  * Soda (cola, lemon-lime, root beer)\n  * Water (bottled, sparkling, flavored)\n\nThese beverages are all great options for a quick drink and can be easily stored in a pantry or cupboard.",
      "type": "intro",
      "subsections": []
    },
    {
      "id": "2",
      "title": "5.2 : Canned and Bottled Beverages",
      "content": "Canned and bottled beverages are a convenient option for stocking a pantry. Some popular types of canned and bottled beverages include:\n\n  * Canned juice (such as fruit juice or vegetable juice)\n  * Soda (in cans or bottles)\n  * Bottled water (still or sparkling)\n  * Canned or bottled tea or coffee\n\nThese beverages can be stored for a long time and are a great option for emergency food supplies or for people who want to stock up on drinks.",
      "type": "default",
      "subsections": []
    },
    {
      "id": "3",
      "title": "5.3 : Shelf Life of Canned and Bottled Beverages",
      "content": "The shelf life of canned and bottled beverages depends on several factors, including the type of beverage, storage conditions, and packaging.\n\n  * Canned beverages: 2-5 years from the manufacturing date, depending on the acidity level and storage conditions.\n  * Bottled beverages: 6-24 months from the manufacturing date, depending on the type of beverage and storage conditions.\n\n  It is essential to check the expiration date or \"best by\" date on the packaging and to store the beverages in a cool, dry place.",
      "type": "default",
      "subsections": []
    }
  ]
}