{
  "title": "List of Grocery Items",
  "description": "A comprehensive list of grocery items excluding perishable items",
  "type": "article",
  "categoryKey": "Food and Drink",
  "language": "en",
  "keywords": [
    "Grocery items",
    "Non-perishable food",
    "Shopping list"
  ],
  "partsMetadata": [
    {
      "id": 1,
      "title": "Canned Goods",
      "description": "Canned items such as vegetables, fruits, meats, and soups",
      "sectionCount": 5,
      "tags": [
        "Canned food",
        "Non-perishable"
      ]
    },
    {
      "id": 2,
      "title": "Baking Supplies",
      "description": "Baking ingredients such as flour, sugar, and baking powder",
      "sectionCount": 3,
      "tags": [
        "Baking",
        "Pantry"
      ]
    },
    {
      "id": 3,
      "title": "Pantry Staples",
      "description": "Rice, pasta, and other staple foods",
      "sectionCount": 4,
      "tags": [
        "Pantry",
        "Grains"
      ]
    },
    {
      "id": 4,
      "title": "Snacks",
      "description": "Non-perishable snack items such as nuts, dried fruits, and energy bars",
      "sectionCount": 2,
      "tags": [
        "Snacks",
        "Non-perishable"
      ]
    },
    {
      "id": 5,
      "title": "Beverages",
      "description": "Canned and bottled beverages such as juice, soda, and water",
      "sectionCount": 3,
      "tags": [
        "Beverages",
        "Canned drinks"
      ]
    }
  ]
}